age,gender,height,weight,target_weight,activity_level,sports_days,sleep_hours,fast_food,sugar,water,night_eating,commitment,motivation,success
56,0,152,101,86,2,1,8,1,12,1,1,83,26,0
46,0,177,121,80,0,2,7,7,5,0,1,20,47,0
32,0,193,70,79,1,6,4,8,7,0,1,88,26,0
60,0,164,102,65,0,4,4,6,14,0,0,17,46,0
25,1,190,76,77,2,0,7,3,0,1,0,93,32,1
38,1,172,91,88,1,0,7,8,4,1,0,68,58,0
56,0,189,144,94,0,0,7,3,3,1,0,30,70,0
36,0,160,144,77,0,4,9,3,15,1,1,74,58,0
40,0,197,99,83,2,0,8,8,3,0,1,33,70,0
28,0,181,82,85,0,1,10,7,10,0,1,39,86,0
28,0,185,115,61,2,4,7,3,1,1,0,93,41,1
41,1,182,65,94,1,6,8,7,9,1,0,66,95,0
53,1,173,145,87,1,5,6,7,0,1,1,89,72,0
57,1,188,109,75,0,6,4,6,13,1,0,82,16,0
41,1,183,96,56,1,4,4,9,14,0,0,26,31,0
20,0,177,123,72,1,4,5,5,5,1,1,68,94,0
39,0,186,113,87,0,2,6,7,6,1,0,40,15,0
19,0,156,131,91,1,2,10,6,4,0,0,73,70,0
41,0,153,108,88,0,2,7,4,15,1,1,57,23,0
61,0,186,70,74,2,7,7,3,14,0,0,32,25,0
47,1,150,147,89,2,7,10,1,7,1,1,79,12,1
55,0,150,108,72,2,3,9,10,8,0,1,39,18,0
19,1,196,80,78,0,7,6,7,10,1,0,64,56,0
38,1,169,125,62,0,1,7,8,10,1,1,16,94,0
50,1,168,122,84,1,4,5,3,1,1,0,84,51,1
29,1,178,142,64,1,6,8,3,10,1,0,21,51,0
39,0,159,87,77,1,4,4,4,12,1,0,69,32,0
61,1,167,76,65,1,2,6,1,3,0,0,61,12,0
42,1,177,65,56,1,4,4,6,10,1,0,36,10,0
44,1,184,78,80,0,5,8,4,8,0,0,21,76,0
59,0,192,115,90,0,7,6,5,4,0,0,22,80,0
45,0,196,87,87,2,4,8,3,2,0,0,81,12,1
33,0,180,125,67,2,6,7,7,5,0,0,89,58,0
32,1,176,97,94,2,0,10,7,14,1,1,71,76,0
64,1,160,96,79,2,5,7,4,2,1,1,38,64,0
61,0,198,127,58,0,5,10,5,13,1,0,44,13,0
20,1,198,145,73,0,4,7,2,4,1,0,69,40,1
54,0,187,149,72,0,3,8,0,2,0,0,38,75,1
24,0,154,108,91,1,2,8,8,5,0,1,40,87,0
38,1,157,102,84,1,1,8,8,11,0,1,86,73,0
26,1,183,95,73,2,1,4,2,15,1,0,85,40,0
56,1,197,117,77,1,0,8,3,9,1,0,70,72,0
35,1,161,72,70,0,1,7,6,4,1,0,11,75,0
21,0,187,111,55,2,1,5,1,13,1,1,42,40,0
42,0,150,117,66,2,2,8,2,8,0,0,81,56,0
31,0,180,91,78,1,7,5,5,15,1,1,71,31,0
26,0,153,140,88,2,2,10,10,2,1,1,68,83,0
43,0,198,119,62,1,3,7,7,5,0,0,49,92,0
19,1,194,142,72,1,6,8,0,7,0,1,58,55,0
37,0,199,117,59,2,0,4,3,6,1,0,41,98,0
45,0,154,115,80,1,1,4,0,15,1,1,47,67,0
64,0,179,87,84,1,3,10,1,5,0,1,88,70,0
24,1,173,60,67,1,0,5,7,13,1,0,96,55,0
61,1,152,101,73,1,5,9,5,14,0,0,97,10,0
25,1,160,141,83,2,1,4,8,1,0,1,22,34,0
64,1,194,107,57,0,1,4,1,15,1,1,94,70,0
52,0,153,99,80,0,2,4,2,14,0,1,63,90,0
31,0,175,122,94,1,4,7,8,6,1,0,85,23,0
34,1,176,135,66,1,0,4,8,7,1,0,22,54,0
53,1,195,131,56,1,1,6,5,0,1,0,48,86,0
57,0,192,147,65,0,7,8,2,14,1,0,32,48,0
21,0,176,139,82,1,0,10,4,8,0,1,23,75,0
19,1,191,63,72,2,6,4,1,3,1,1,26,41,0
23,1,199,97,67,2,7,9,6,7,1,1,33,67,0
59,1,155,86,91,2,3,9,9,14,0,1,67,65,0
21,1,164,68,76,0,7,4,10,9,1,1,72,15,0
46,0,179,75,66,1,3,4,7,6,1,0,43,98,0
35,0,191,115,56,1,4,6,5,13,1,0,60,76,0
43,0,186,135,91,1,1,4,7,12,1,1,95,91,0
61,1,186,90,61,0,7,4,1,9,0,1,19,59,0
51,1,191,147,80,0,6,8,2,6,0,1,81,47,0
27,0,186,73,80,0,2,9,6,1,1,1,30,12,0
53,0,184,84,78,0,1,6,9,15,0,1,46,14,0
31,0,172,93,66,2,0,9,0,0,0,1,16,33,0
48,0,155,126,70,0,5,6,6,3,0,1,99,63,0
32,1,153,83,77,0,3,9,5,11,0,1,22,43,0
25,0,167,132,94,0,0,4,7,15,1,0,89,48,0
31,0,158,85,63,1,4,9,6,15,0,1,39,97,0
40,0,198,79,86,1,3,9,3,1,1,1,40,57,0
57,0,178,123,69,1,2,6,2,7,1,0,14,58,0
38,0,162,69,91,2,3,10,2,9,0,0,41,43,0
33,0,196,142,67,2,5,5,3,15,1,1,25,89,0
62,0,166,126,59,0,7,6,8,6,0,0,82,16,0
35,1,194,83,65,1,6,6,8,7,1,0,31,27,0
64,1,181,64,64,2,7,6,1,10,1,1,73,79,1
41,1,197,126,67,1,1,7,4,5,0,0,53,43,0
43,1,171,117,69,2,5,10,0,0,1,1,49,60,1
42,0,153,86,61,2,6,7,3,13,0,1,46,77,0
62,1,154,139,94,0,5,7,1,12,1,1,87,23,0
58,1,186,74,82,0,1,6,7,12,1,0,25,78,0
46,0,190,94,86,2,3,5,3,11,0,0,52,98,0
32,0,198,135,89,0,4,6,4,8,0,1,93,17,0
62,1,162,112,69,2,1,4,10,5,0,1,72,24,0
18,1,183,103,90,2,1,5,3,11,1,0,24,92,0
42,0,194,85,75,1,6,7,4,12,0,1,53,68,0
24,1,171,106,60,0,2,9,4,9,0,0,99,20,0
26,0,172,93,55,0,7,9,4,0,0,0,18,29,1
41,0,152,146,58,0,3,10,10,0,0,0,74,64,0
18,0,191,109,65,1,1,8,2,15,1,0,53,45,0
61,0,183,143,80,1,4,10,6,7,1,0,29,91,0
25,1,181,71,91,1,0,5,2,5,1,0,79,23,0
41,0,194,146,77,0,3,7,1,7,1,1,83,67,0
28,0,198,63,83,0,2,5,2,7,1,1,42,47,0
34,1,170,146,75,0,5,5,10,14,1,0,89,98,0
25,0,195,107,81,1,1,9,2,10,0,0,15,89,0
52,1,193,114,93,1,4,6,7,13,1,1,92,91,0
52,1,170,60,94,2,3,4,3,7,0,1,40,10,0
50,1,193,148,67,1,4,8,2,9,0,1,75,74,0
22,0,160,125,77,2,4,7,9,14,0,1,27,10,0
59,1,188,89,70,0,7,5,4,6,0,1,37,94,0
56,1,153,62,84,1,6,8,3,6,1,1,77,69,1
58,0,150,80,58,0,5,5,8,9,1,1,74,34,0
45,1,177,148,94,0,2,9,7,3,1,1,89,100,0
24,1,173,143,70,0,7,4,10,8,0,0,54,19,0
26,1,184,108,85,0,3,9,6,11,1,1,67,59,0
25,1,162,145,79,1,1,8,7,1,1,0,56,21,0
29,1,196,144,66,0,2,7,4,10,1,1,75,41,0
51,0,183,121,80,2,1,5,3,8,1,1,61,42,0
50,1,160,97,91,1,0,4,6,9,1,1,45,81,0
40,1,185,74,87,0,4,9,0,2,1,1,10,35,0
41,0,166,111,82,1,0,8,5,13,0,1,48,51,0
54,0,184,138,63,2,6,9,7,12,0,0,96,59,0
52,0,167,105,66,0,4,5,6,14,1,1,99,70,0
61,1,189,84,59,2,5,5,1,15,0,0,84,50,0
57,0,171,80,82,0,2,7,6,1,0,0,10,66,0
39,1,173,147,89,2,1,4,5,12,1,1,84,11,0
44,1,168,64,59,0,7,6,4,3,0,0,97,79,1
52,0,186,129,88,1,6,9,3,4,1,1,83,40,1
18,0,188,106,88,0,5,5,0,1,0,1,23,32,0
52,1,170,146,67,1,1,8,1,12,1,1,87,85,0
54,0,157,127,93,0,2,9,6,14,0,0,80,63,0
64,1,177,77,68,0,3,7,9,0,0,1,32,37,0
31,0,154,80,65,2,6,7,2,9,0,0,52,88,0
20,0,166,145,92,2,0,5,4,10,0,1,31,28,0
18,0,186,82,58,2,0,5,7,4,1,1,69,85,0
22,1,185,123,87,0,7,5,7,8,0,0,36,57,0
43,0,168,126,61,0,1,10,5,14,1,0,65,11,0
31,1,176,99,62,0,1,6,4,11,1,0,11,20,0
56,1,183,69,91,1,1,5,1,11,0,0,48,53,0
44,1,160,148,64,1,6,9,8,14,0,0,60,68,0
26,1,194,111,69,0,2,9,0,4,1,0,28,68,1
32,0,196,131,92,2,3,10,10,11,0,1,71,47,0
32,1,161,134,69,2,0,10,1,10,1,0,80,34,0
43,1,170,120,59,2,5,4,0,9,0,1,85,30,0
59,0,160,123,83,0,4,8,3,8,1,1,76,51,0
30,1,188,64,73,2,6,5,3,13,0,1,72,45,0
49,0,177,112,64,0,6,9,4,12,0,1,14,18,0
56,1,154,114,66,1,2,10,4,11,1,1,81,21,0
49,0,166,96,58,2,0,9,7,9,1,0,87,19,0
21,1,169,115,85,1,7,9,10,5,1,1,70,68,0
47,0,190,118,72,2,3,10,10,2,0,1,80,14,0
54,1,195,128,70,0,2,6,2,3,0,1,16,42,0
40,1,161,132,94,0,5,10,5,3,0,0,59,78,0
56,0,155,118,90,0,0,10,2,0,0,0,55,89,0
62,0,166,61,79,0,2,8,1,2,1,0,81,72,1
32,0,168,124,77,2,0,10,7,2,1,0,85,38,0
60,0,175,119,66,1,0,7,0,12,0,1,83,27,0
46,1,197,110,88,0,7,10,8,13,0,0,23,15,0
53,1,193,89,90,2,6,9,10,0,0,1,82,62,0
30,0,193,70,91,1,3,5,6,12,1,0,78,91,0
49,1,181,135,57,0,6,9,9,8,1,0,74,41,0
24,0,155,98,63,1,4,8,10,10,0,0,74,51,0
39,0,185,149,72,0,3,7,3,0,1,0,66,56,1
45,1,187,136,89,1,0,10,2,8,0,1,71,40,0
19,1,160,131,88,1,2,6,5,0,0,0,29,71,0
59,1,182,122,68,0,5,4,8,15,1,1,84,65,0
62,1,173,123,58,2,7,10,8,1,1,1,35,20,0
23,1,172,120,83,1,3,5,3,1,1,1,53,35,0
45,1,164,113,69,0,4,4,9,13,1,1,76,36,0
45,1,176,132,82,1,0,6,4,5,0,1,79,92,0
61,0,160,117,70,1,5,8,10,6,1,1,71,66,0
61,0,199,144,66,2,3,8,8,10,1,1,54,36,0
37,0,166,115,59,1,6,6,1,0,1,0,20,68,1
47,0,163,93,88,1,6,9,1,2,1,1,81,71,1
28,0,176,90,55,0,3,6,4,1,0,0,83,29,1
45,1,167,111,93,0,3,10,0,7,0,0,43,12,0
42,0,177,148,86,2,3,5,7,8,1,1,97,25,0
56,0,196,135,80,1,5,7,4,12,1,1,55,53,0
50,0,196,60,71,1,6,10,9,1,0,0,90,88,0
18,0,153,114,81,1,2,10,1,1,0,0,41,39,1
44,0,156,81,78,2,4,10,8,9,1,1,84,49,0
30,0,194,99,89,1,4,4,1,14,0,1,97,74,0
58,0,184,60,93,0,7,4,6,8,0,0,14,38,0
20,1,197,124,80,2,0,8,7,13,0,0,72,39,0
56,1,158,122,92,0,1,10,5,3,0,1,38,41,0
23,0,157,113,77,0,2,9,10,4,1,0,57,19,0
25,1,194,101,76,2,6,8,6,12,0,0,25,100,0
44,1,166,80,58,0,0,5,10,10,0,1,34,60,0
26,1,166,138,63,1,7,6,0,8,1,0,81,17,1
54,1,198,140,58,2,0,4,3,5,1,1,38,60,0
50,0,182,81,61,0,3,10,6,9,1,1,61,45,0
59,1,181,97,77,1,1,5,0,11,0,1,55,64,0
61,1,157,139,56,1,6,8,0,8,1,0,34,44,1
41,1,168,67,78,0,1,8,10,8,0,1,32,45,0
32,0,187,121,94,1,2,4,5,6,1,0,43,65,0
49,0,152,106,85,2,1,8,3,13,0,1,76,45,0
49,0,154,76,85,0,0,9,2,11,1,1,43,98,0
41,0,162,76,94,1,1,8,4,9,1,0,41,93,0
58,0,196,149,88,1,1,7,8,8,0,0,38,70,0
29,0,195,72,78,0,4,6,9,4,1,0,18,71,0
56,0,180,76,80,0,6,8,9,15,1,1,75,90,0
19,1,165,97,70,0,6,7,10,4,1,0,66,96,0
20,1,199,140,67,0,0,5,9,11,1,1,48,34,0
54,1,181,137,69,2,5,8,2,7,1,0,16,73,0
34,0,171,104,81,0,1,9,4,9,0,1,78,69,0
19,0,178,65,58,2,1,5,9,3,0,1,17,66,0
19,0,171,94,70,2,3,10,4,8,1,1,27,79,0
45,0,192,73,84,0,6,8,8,6,1,1,91,61,0
40,0,152,131,84,2,1,4,10,6,0,0,58,65,0
54,1,159,120,90,0,6,7,9,12,0,0,25,72,0
49,1,191,74,57,0,1,7,10,14,1,1,30,77,0
50,0,170,113,76,1,4,4,3,2,0,1,19,29,0
18,0,165,86,76,0,0,6,0,3,1,0,13,63,0
36,0,161,72,66,1,6,10,9,6,1,0,53,10,0
19,0,151,90,75,2,2,9,4,10,1,0,17,99,0
61,1,190,94,58,1,0,7,0,10,1,0,64,19,0
43,0,173,119,85,2,3,5,5,13,0,0,28,32,0
49,0,184,65,85,0,0,9,9,4,0,0,73,60,0
23,0,179,128,77,2,1,7,9,11,0,1,49,33,0
49,0,179,145,74,2,3,10,6,2,1,0,60,22,0
21,1,196,117,69,0,0,6,0,0,0,0,18,38,0
28,0,184,108,77,2,7,10,9,6,1,1,39,67,0
34,0,168,82,82,0,3,5,3,5,1,0,65,100,0
55,1,199,148,70,1,7,10,8,9,0,0,90,52,0
41,1,157,93,91,0,2,9,0,14,1,0,53,19,0
22,1,175,85,75,0,0,5,8,6,1,1,68,40,0
51,0,198,106,69,2,6,4,7,14,1,0,24,83,0
23,0,189,64,71,1,6,8,4,13,0,1,77,97,0
39,1,156,149,91,0,5,4,5,1,1,0,79,23,1
28,1,179,79,67,1,1,9,6,12,0,1,70,43,0
33,1,156,65,73,1,7,8,3,11,1,0,89,26,1
50,1,152,129,84,2,3,4,5,3,0,0,99,30,0
26,1,150,118,72,0,5,8,6,1,1,0,32,76,0
23,1,185,123,68,2,5,7,10,7,0,1,86,67,0
33,0,174,77,90,0,4,10,5,6,0,0,56,88,0
46,0,186,63,90,1,7,5,10,0,1,0,26,17,0
20,0,150,76,74,0,3,8,5,1,1,1,66,47,0
37,1,164,73,73,0,5,7,1,1,1,1,63,35,1
53,1,186,137,61,1,4,10,4,3,1,1,100,73,1
36,1,162,72,58,1,5,10,2,2,0,0,61,39,1
43,1,189,66,88,0,1,6,6,0,1,1,31,18,0
20,1,157,103,56,2,2,4,3,11,0,0,92,41,0
36,1,154,74,59,0,7,6,0,13,1,1,48,20,0
37,0,158,78,64,1,4,9,5,1,0,1,22,95,0
49,0,150,122,86,2,2,7,5,15,0,0,87,43,0
24,1,185,94,67,1,3,6,6,10,0,0,75,27,0
58,0,184,140,93,1,1,6,10,8,1,0,61,28,0
50,1,151,94,59,2,4,10,7,12,1,0,23,63,0
57,0,189,78,64,1,3,7,2,0,0,1,82,91,1
56,1,172,79,64,1,5,10,5,8,0,1,83,46,0
35,1,158,94,92,1,6,5,9,6,0,1,72,91,0
57,0,183,91,81,1,0,8,1,1,0,0,80,21,1
18,0,195,107,75,1,3,9,8,1,0,0,37,13,0
28,1,163,103,62,1,2,9,1,4,1,1,98,52,1
45,1,153,83,55,1,1,4,2,12,0,1,55,36,0
42,0,179,120,82,1,1,10,9,4,1,0,37,60,0
40,0,180,76,93,1,3,8,1,3,1,1,11,14,0
48,1,187,130,68,0,5,4,8,11,1,1,26,15,0
47,0,160,109,75,0,0,9,0,9,0,1,68,86,0
59,1,184,124,84,1,7,8,4,9,0,0,61,96,0
52,1,157,91,75,0,2,6,0,12,0,1,13,65,0
24,1,152,95,63,2,3,5,4,11,0,0,86,98,0
33,1,163,72,71,0,3,6,7,2,1,1,91,77,0
43,0,162,129,59,1,6,5,7,3,1,0,12,53,0
19,0,194,117,85,1,1,10,10,9,1,1,46,24,0
18,0,181,73,94,0,2,7,7,3,0,1,33,99,0
29,0,183,96,92,1,0,4,1,1,0,1,81,51,0
22,0,194,138,73,2,1,4,7,4,0,0,44,20,0
54,0,168,127,90,2,3,7,4,14,0,1,11,82,0
49,0,187,99,87,1,1,8,0,4,0,1,42,20,0
26,1,165,118,67,2,1,7,6,4,0,0,85,75,0
58,0,151,139,68,2,4,10,5,10,1,0,95,36,0
52,0,189,75,87,0,1,9,4,14,1,1,86,67,0
36,1,166,121,83,2,5,7,0,10,0,1,19,99,0
33,0,183,63,90,0,1,5,0,9,1,1,90,81,0
20,0,191,104,64,1,7,9,5,0,1,1,71,30,1
37,1,165,149,85,0,5,7,9,5,1,1,52,30,0
41,0,187,87,60,1,2,4,6,10,1,0,78,81,0
50,0,151,125,55,1,1,6,9,1,0,1,68,10,0
41,0,151,90,61,1,0,5,9,6,1,0,18,67,0
28,1,175,62,81,1,5,10,0,3,0,0,86,22,1
25,0,162,67,75,1,5,5,8,14,0,1,69,82,0
53,0,196,83,82,0,3,8,3,4,1,0,72,15,1
55,1,180,74,70,1,2,6,4,4,0,1,61,96,0
57,0,183,102,77,2,1,5,1,4,1,0,32,67,0
37,1,188,90,74,2,6,7,9,1,0,0,39,26,0
52,1,152,132,92,1,0,5,7,4,0,1,52,82,0
42,0,157,104,79,2,3,5,1,2,1,1,77,21,1
52,1,172,125,82,0,2,5,2,3,1,0,30,95,0
42,1,163,67,59,0,7,8,8,12,0,1,52,61,0
46,0,176,130,75,1,5,5,1,1,1,1,82,85,1
35,1,178,116,72,1,0,5,5,3,0,0,16,79,0
63,1,188,139,60,1,7,8,3,12,1,0,25,82,0
35,0,188,89,83,2,1,9,6,8,0,0,32,61,0
19,0,150,133,73,2,6,6,5,7,0,1,67,46,0
52,0,166,77,87,0,4,10,9,12,0,1,96,12,0
33,1,190,128,55,2,4,9,8,13,0,1,40,17,0
58,0,179,98,57,0,2,4,8,14,0,0,78,19,0
53,1,162,119,75,2,6,8,9,10,1,1,15,56,0
50,1,170,102,89,0,0,8,3,11,0,0,74,50,0
21,1,168,104,94,1,3,5,0,2,1,0,68,73,1
50,1,168,82,57,2,0,5,1,0,1,0,37,51,1
31,1,174,128,79,0,6,10,7,0,0,0,27,52,0
38,1,171,65,92,2,7,4,9,5,0,0,97,18,0
37,1,180,115,74,1,5,5,7,2,1,0,86,23,0
25,0,166,63,88,0,4,7,1,3,0,0,19,100,0
24,0,172,82,75,2,2,5,3,0,0,1,16,13,0
20,1,181,65,77,2,1,5,0,7,1,0,46,11,0
34,1,159,91,60,1,0,7,6,0,1,1,54,94,0
50,0,159,77,67,1,4,4,3,4,1,1,95,10,0
29,1,185,74,77,0,3,7,10,5,1,1,25,84,0
39,0,157,99,63,2,2,8,7,14,1,1,97,74,0
39,0,169,132,71,2,1,7,8,1,1,1,23,55,0
63,0,181,133,56,1,0,6,8,6,0,0,20,68,0
47,1,199,143,73,1,3,8,2,15,1,1,92,84,0
55,1,163,65,73,0,1,5,4,6,1,1,96,16,0
55,0,199,122,61,2,5,10,5,15,0,1,43,75,0
62,0,177,126,74,2,4,8,5,0,0,0,69,24,0
25,0,195,70,63,0,5,4,9,3,0,1,22,81,0
44,0,173,102,71,0,4,4,7,11,0,1,48,56,0
44,0,164,76,81,1,3,7,5,12,0,1,53,99,0
51,1,171,63,56,1,7,8,5,15,0,1,37,49,0
38,0,179,122,90,0,5,5,3,3,1,0,49,51,1
47,1,153,127,73,0,4,4,6,4,0,1,25,60,0
50,0,162,140,71,2,2,9,7,0,0,0,59,44,0
45,1,172,100,59,0,3,5,2,0,0,0,37,50,0
64,1,157,142,93,0,4,9,6,6,0,1,77,94,0
50,1,167,64,72,2,0,6,2,8,1,1,69,66,0
22,1,161,91,61,0,4,9,7,0,0,0,21,47,0
36,1,180,145,71,1,5,4,0,15,0,1,25,81,0
21,1,163,129,93,1,2,7,0,1,1,1,62,17,1
52,0,183,94,90,2,1,6,5,5,1,1,63,83,0
34,1,167,81,94,0,7,8,9,14,1,0,58,72,0
61,0,183,124,58,1,1,5,8,14,0,0,45,96,0
45,1,160,143,92,1,4,4,3,5,1,1,71,13,0
47,1,190,81,79,1,1,6,5,1,1,1,93,57,0
46,0,161,70,59,1,4,6,4,8,1,0,35,61,0
63,1,198,136,84,0,2,4,0,3,0,0,65,47,1
23,0,164,62,66,0,1,8,5,12,0,0,99,96,0
52,0,180,68,58,0,5,8,8,6,1,0,31,14,0
58,0,198,119,78,0,5,7,2,5,0,0,82,94,1
54,0,178,135,83,1,0,10,10,10,0,0,78,79,0
41,1,175,146,63,2,4,9,2,12,0,0,90,90,0
46,1,167,73,58,2,1,8,1,10,0,1,58,98,0
63,0,181,77,78,1,5,7,3,2,0,0,11,33,0
48,1,171,132,68,1,6,9,9,7,1,0,62,95,0
52,1,187,82,59,2,2,6,2,6,1,1,16,86,0
50,0,166,133,72,2,7,4,1,8,1,1,86,26,1
38,1,172,142,73,1,2,8,0,15,1,1,29,87,0
49,0,173,106,66,1,6,7,2,2,0,0,39,99,1
40,0,199,128,72,0,6,6,9,0,1,0,84,92,0
50,1,157,106,71,0,0,8,5,1,1,1,76,35,0
20,1,190,146,84,2,2,5,8,11,0,1,68,12,0
35,1,155,89,78,1,2,10,10,10,0,1,75,11,0
42,0,154,84,65,2,1,6,4,14,0,0,12,11,0
59,0,193,87,89,0,4,8,2,11,0,1,65,31,0
48,1,178,84,77,0,3,6,4,0,1,0,88,80,1
20,1,177,133,71,2,7,4,4,10,0,0,26,13,0
57,1,160,137,55,0,2,4,4,4,0,0,61,47,0
63,1,150,117,69,1,7,10,6,15,0,0,16,93,0
41,0,192,100,86,2,7,4,4,14,0,1,14,79,0
49,1,168,84,63,1,7,9,6,9,0,1,63,82,0
64,0,158,137,69,1,2,5,8,13,0,1,70,61,0
39,0,176,107,82,0,3,4,4,1,1,0,25,40,0
40,1,183,69,78,1,2,5,1,15,1,1,76,35,0
19,1,193,134,89,2,1,4,4,2,1,0,68,45,0
44,1,153,70,76,1,1,9,7,7,0,0,56,35,0
59,0,185,144,81,1,3,6,3,14,0,0,57,37,0
19,1,167,80,73,1,5,8,1,9,1,1,73,14,0
43,1,164,145,66,1,2,8,9,13,1,0,59,83,0
34,0,162,104,74,1,5,4,2,4,1,0,94,27,1
57,1,168,66,55,0,7,8,8,3,1,1,50,24,0
50,0,198,140,75,2,2,4,8,15,0,1,81,66,0
26,1,155,123,55,0,4,4,7,4,1,1,31,14,0
60,0,197,123,64,2,2,10,7,9,0,0,63,46,0
56,1,161,61,86,2,1,7,7,5,0,0,14,95,0
46,1,186,135,93,2,0,7,7,11,0,1,26,95,0
59,0,166,101,76,2,6,10,7,6,1,0,87,31,0
43,0,172,141,72,2,0,7,0,13,1,0,50,61,0
52,1,175,113,86,1,0,5,5,12,1,1,90,24,0
42,0,178,134,81,0,0,7,8,8,0,1,44,26,0
41,0,182,75,82,0,6,4,7,0,0,1,49,60,0
30,0,176,77,72,1,5,9,2,3,1,1,31,54,0
24,0,174,118,93,2,6,9,10,15,0,1,57,72,0
53,1,159,149,83,0,5,6,0,11,1,1,62,37,0
62,1,196,75,72,1,6,7,1,11,0,1,19,68,0
37,0,172,65,62,1,6,9,10,8,0,1,27,95,0
18,0,170,116,85,0,2,7,1,4,0,0,89,30,1
25,0,170,106,88,0,5,6,6,7,0,0,58,51,0
63,0,192,107,61,2,2,9,5,11,0,0,80,90,0
33,1,162,101,90,2,4,4,10,0,0,0,39,78,0
31,1,186,135,72,0,2,5,1,3,0,0,28,91,0
29,0,182,119,92,2,0,10,7,11,1,0,64,26,0
40,0,173,136,63,1,3,10,8,15,0,0,69,77,0
32,0,193,63,63,2,3,10,6,15,0,0,96,16,0
45,1,160,61,62,2,1,7,3,13,1,0,81,98,0
51,0,166,149,89,1,1,9,0,11,1,0,90,49,1
19,1,153,118,72,2,7,9,3,8,1,0,30,49,0
49,0,196,86,59,1,2,6,3,12,1,1,35,52,0
40,1,174,86,68,2,6,4,7,0,0,0,37,82,0
39,0,179,138,82,0,6,8,3,0,0,1,48,92,0
42,1,158,131,84,2,3,9,3,3,1,0,42,60,1
39,0,170,66,58,0,0,5,1,13,0,1,49,82,0
39,0,169,122,93,0,5,6,9,2,1,0,92,32,0
59,0,168,105,74,0,0,9,6,6,0,1,38,41,0
23,1,168,122,79,0,7,9,3,10,0,0,29,40,0
32,0,161,71,82,0,0,6,10,2,0,1,29,26,0
60,1,186,72,66,1,2,6,5,0,0,0,83,67,0
54,1,191,102,56,1,2,7,2,11,0,1,21,95,0
50,0,166,76,68,1,4,9,6,15,1,0,34,44,0
25,0,186,122,76,0,7,8,5,14,0,1,34,39,0
61,0,197,140,85,2,0,5,2,10,0,1,13,73,0
61,1,188,95,77,1,6,4,3,9,0,1,13,62,0
22,0,177,144,74,2,6,4,9,1,0,1,18,60,0
56,1,190,67,92,2,7,8,4,9,0,1,24,46,0
21,1,184,128,58,0,0,6,8,12,1,1,35,99,0
23,0,196,149,69,0,2,6,5,3,0,1,88,15,0
62,0,197,139,78,0,2,6,3,0,1,1,99,43,1
49,0,167,95,79,1,4,9,10,0,0,0,80,65,0
47,0,163,87,55,0,4,6,10,11,0,0,41,34,0
64,0,184,106,61,1,1,6,6,13,1,0,85,22,0
52,0,193,135,85,1,7,9,1,7,0,1,61,72,0
57,1,190,89,66,1,3,9,3,6,0,1,41,75,0
33,1,156,82,59,1,0,8,4,13,1,0,18,14,0
30,1,190,75,92,0,7,7,3,7,0,0,87,84,1
59,0,162,73,66,1,6,9,3,12,1,1,22,20,0
47,1,167,133,93,0,0,5,10,3,1,1,65,97,0
36,1,186,130,72,0,4,6,8,5,1,0,53,87,0
34,1,162,111,56,1,4,7,10,14,0,1,92,53,0
36,1,185,96,64,0,1,4,1,12,0,0,39,94,0
45,1,180,88,69,2,3,8,5,2,1,1,25,78,0
43,0,151,126,84,0,1,7,7,10,0,0,21,11,0
54,0,165,74,71,0,6,9,7,12,1,0,83,49,0
43,1,158,106,58,1,3,6,10,7,0,1,75,46,0
40,1,158,105,61,1,5,6,6,3,1,0,27,58,0
26,1,187,111,85,0,0,6,9,2,0,1,22,84,0
29,0,160,78,93,1,1,7,10,3,1,1,33,45,0
18,0,171,136,88,2,4,6,3,5,0,1,21,84,0
18,1,182,80,60,2,1,9,6,10,1,1,69,82,0
64,0,185,123,92,1,5,7,9,6,0,1,69,79,0
51,0,194,96,88,0,1,6,5,6,1,0,95,43,0
49,1,172,86,69,2,0,4,10,13,0,1,10,67,0
42,0,194,114,68,2,5,4,5,14,0,1,52,46,0
57,0,194,88,60,0,7,5,1,11,1,0,64,69,1
62,1,183,79,91,1,7,6,7,15,0,1,49,21,0
18,0,158,84,86,2,7,6,7,3,0,0,73,41,0
33,0,173,129,57,0,4,7,10,7,0,1,43,90,0
56,1,157,122,57,0,4,7,6,6,0,0,43,13,0
22,0,156,95,76,2,7,10,10,1,1,1,57,42,0
39,0,185,61,76,1,7,6,8,12,0,1,42,52,0
46,1,167,81,64,2,7,5,7,7,0,1,77,18,0
20,1,152,75,57,0,2,6,8,8,1,1,39,60,0
29,1,177,77,66,2,7,9,8,4,0,1,93,29,0
43,0,155,128,83,1,5,7,5,14,1,0,99,48,0
33,1,193,113,71,0,2,6,1,3,0,0,88,32,1
54,0,193,89,61,1,2,7,6,15,1,1,80,50,0
39,1,170,104,67,2,0,6,2,3,0,0,80,53,0
46,0,177,78,56,2,1,8,6,12,1,1,38,44,0
31,1,189,146,58,1,4,7,8,15,1,1,32,32,0
45,1,150,93,64,2,4,5,9,3,1,1,43,67,0
22,1,185,72,93,1,1,8,9,5,0,0,93,57,0
64,1,170,102,78,2,4,9,1,10,1,1,24,96,0
47,0,192,121,71,1,1,6,5,3,0,0,62,67,0
63,1,184,81,60,1,5,10,5,15,1,1,26,66,0
22,1,162,111,73,0,0,9,8,6,1,1,73,96,0
29,0,198,111,59,0,7,7,8,6,1,0,93,48,0
33,1,159,95,86,1,0,8,4,4,0,1,70,37,0
43,0,193,132,64,2,6,9,4,12,0,0,66,73,0
43,1,196,78,63,2,0,5,8,4,1,1,86,71,0
38,1,159,97,81,2,1,10,7,14,1,1,97,92,0
56,1,195,129,67,1,6,7,6,9,1,1,46,71,0
53,0,162,138,73,1,1,8,7,7,1,0,16,94,0
50,1,186,116,75,1,7,9,5,6,1,1,17,97,0
47,1,187,79,78,1,3,8,2,13,1,0,96,94,0
54,1,173,68,92,0,6,8,6,6,1,1,87,35,0
40,0,151,91,58,1,7,9,7,5,1,1,77,60,0
27,0,171,63,78,2,7,4,7,6,0,0,30,59,0
22,1,166,109,89,0,4,6,0,6,1,1,70,45,1
53,0,185,141,57,2,4,7,6,9,0,1,83,35,0
51,1,163,64,58,1,3,7,2,13,1,0,95,42,0
48,1,159,79,91,0,3,10,1,1,0,0,89,77,1
27,1,184,146,94,1,0,10,1,13,0,0,84,82,0
36,1,174,134,89,0,7,10,7,9,1,1,95,17,0
49,1,152,96,85,2,3,7,8,1,0,0,38,75,0
18,1,196,81,79,1,1,8,2,13,0,0,34,32,0
22,1,187,117,94,1,7,10,2,9,1,1,67,79,1
62,0,166,127,67,0,2,9,5,6,1,0,23,64,0
21,0,161,103,58,0,1,6,10,13,1,0,87,52,0
33,0,173,93,68,1,6,5,9,9,0,1,75,30,0
41,0,178,136,67,0,3,7,0,6,1,0,63,31,1
33,0,192,101,81,1,4,9,5,6,0,1,86,18,0
19,0,174,68,60,0,1,6,2,4,1,0,76,43,1
45,0,185,66,71,2,4,6,10,0,1,0,39,68,0
49,1,175,127,90,0,1,4,3,13,0,1,27,35,0
44,1,187,78,94,2,4,9,8,1,0,0,63,10,0
37,1,150,90,89,0,5,7,2,12,0,1,30,14,0
41,1,169,94,71,0,1,10,0,8,1,0,62,50,1
29,0,177,116,56,1,6,8,2,7,1,0,92,72,1
52,0,165,144,67,0,4,10,6,7,1,1,25,31,0
50,1,196,120,56,0,2,6,6,9,0,1,37,77,0
50,1,166,90,82,2,6,6,10,15,0,0,13,57,0
60,0,189,142,80,0,0,5,4,0,0,0,64,75,0
54,1,177,112,76,1,1,10,0,5,0,0,24,25,0
29,1,161,91,57,2,2,4,10,14,1,1,73,89,0
20,1,176,125,89,1,0,6,7,14,0,1,74,62,0
18,1,191,118,66,1,1,6,9,8,0,0,25,95,0
50,0,196,69,78,1,2,8,7,15,1,0,29,74,0
57,1,179,61,59,1,2,8,9,14,1,0,73,88,0
27,1,190,125,74,2,6,5,9,7,0,1,42,73,0
60,0,183,119,93,0,5,9,9,2,0,0,90,97,0
61,0,186,147,93,1,2,5,1,3,0,1,78,77,0
46,1,155,76,67,2,5,5,9,14,0,1,78,72,0
30,0,156,75,66,1,3,8,2,2,0,0,67,71,1
29,1,181,75,67,0,6,10,3,5,0,1,48,91,0
48,1,181,105,64,2,7,10,0,13,1,1,86,90,1
63,0,174,98,87,2,4,10,3,8,1,0,45,80,0
19,1,182,90,94,0,6,9,4,14,1,0,77,54,0
52,1,156,147,70,2,0,8,2,7,1,0,96,61,0
40,1,161,60,89,0,4,4,10,14,0,0,30,83,0
34,1,165,70,57,2,4,7,9,15,0,0,72,74,0
43,0,165,144,59,2,7,7,1,15,0,0,94,11,0
25,0,192,63,80,0,5,4,5,14,0,0,15,58,0
46,1,185,130,65,0,7,10,7,15,1,1,33,31,0
43,0,162,85,61,2,7,7,6,12,0,0,62,38,0
27,1,156,109,64,2,4,9,10,9,0,0,92,44,0
43,1,185,71,88,0,2,8,0,3,0,0,85,90,1
51,1,196,140,57,0,5,7,3,14,0,0,87,85,0
58,1,158,134,62,2,4,9,2,1,1,0,59,33,1
24,1,181,124,85,2,5,8,5,12,0,0,21,39,0
21,0,160,106,65,2,3,9,8,7,1,1,65,93,0
62,1,157,112,61,0,5,4,8,7,0,0,24,51,0
28,0,182,130,56,2,1,5,6,13,0,1,92,80,0
46,0,172,61,60,1,2,4,8,11,0,0,49,59,0
53,1,174,83,86,0,0,7,7,10,1,1,50,80,0
42,1,157,63,74,2,1,8,4,5,0,1,78,69,0
38,1,194,78,88,0,1,9,8,13,0,1,78,39,0
53,1,171,85,70,1,7,7,6,7,0,0,15,21,0
27,1,153,134,79,0,7,7,4,8,1,0,96,58,1
54,0,189,99,66,2,1,5,7,12,1,0,76,91,0
26,1,152,109,61,1,4,10,6,0,0,0,42,55,0
41,1,178,102,93,1,5,7,8,8,1,0,52,52,0
52,0,190,134,71,2,5,5,9,1,0,0,30,11,0
52,0,178,126,65,2,6,8,0,13,0,1,93,84,0
53,1,183,71,60,2,4,8,8,15,1,1,74,89,0
35,0,183,126,77,0,2,9,6,12,0,1,26,63,0
56,1,177,86,81,0,4,10,0,0,0,0,17,44,1
49,0,162,113,60,0,4,5,0,15,1,0,73,61,0
41,0,164,125,92,2,4,4,4,7,1,1,99,42,0
40,1,172,108,56,2,2,8,7,7,1,0,37,94,0
49,0,193,75,76,0,6,10,8,10,1,0,99,93,0
54,0,175,61,74,1,2,9,5,3,0,0,22,81,0
29,0,153,119,79,0,3,4,9,7,0,1,22,60,0
30,0,175,113,69,1,6,8,7,6,0,1,47,35,0
40,0,189,89,83,2,3,8,5,12,0,0,34,71,0
42,0,158,143,62,2,3,9,10,1,0,1,71,70,0
52,1,154,97,91,0,3,9,5,4,0,1,32,35,0
58,1,181,87,87,0,5,6,3,13,0,0,95,46,0
47,0,169,84,76,2,1,7,10,9,0,0,30,39,0
34,1,199,69,59,0,1,7,4,3,1,1,63,20,0
37,1,160,119,93,2,3,4,1,15,0,1,72,62,0
42,1,164,101,72,2,3,7,2,2,0,0,39,50,0
39,0,181,99,92,1,0,4,2,0,0,0,84,14,0
30,1,177,136,91,0,7,10,10,4,0,0,77,75,0
36,0,171,101,84,2,1,8,4,9,0,1,85,22,0
53,1,190,106,85,0,7,6,4,7,1,1,82,72,0
29,0,166,96,64,1,7,6,5,11,1,0,41,91,0
58,0,175,139,69,1,0,8,4,8,1,0,84,99,0
36,1,193,81,72,0,7,9,5,6,0,0,33,34,0
29,1,156,116,77,0,6,5,7,11,0,0,16,53,0
26,0,191,143,87,2,0,5,1,10,0,1,81,23,0
24,1,175,86,70,1,7,7,3,0,0,0,98,78,1
45,1,174,100,92,1,7,9,5,0,1,0,10,68,1
31,1,159,139,89,1,4,4,4,14,1,1,12,65,0
48,0,194,93,88,0,7,10,0,15,0,0,37,61,0
36,0,168,91,82,2,5,6,8,0,0,1,52,75,0
64,1,160,149,56,0,6,7,2,1,1,1,55,77,1
33,1,162,148,84,0,2,8,1,0,1,1,10,21,0
22,1,157,125,67,0,1,9,8,3,1,0,47,84,0
52,0,189,71,70,2,3,6,6,9,1,1,100,77,0
29,0,153,99,59,0,7,4,4,8,1,0,44,52,0
42,1,196,132,82,1,6,4,5,11,1,1,83,82,0
38,1,180,135,93,1,3,5,10,3,1,1,85,83,0
53,1,177,149,74,1,2,7,3,12,0,1,83,100,0
40,1,160,132,78,2,6,8,0,3,0,0,63,15,1
33,1,192,69,81,0,1,6,3,6,1,0,33,24,0
56,1,150,107,84,2,6,10,8,13,0,1,37,51,0
62,0,198,79,81,0,3,4,0,10,1,0,31,40,0
59,1,196,98,80,1,3,6,9,8,0,1,25,95,0
56,0,187,119,61,0,4,8,2,6,1,1,22,62,0
31,1,173,125,92,0,7,6,4,0,0,1,71,15,1
48,1,196,124,59,0,0,7,6,0,1,1,52,42,0
22,0,180,110,77,2,6,5,8,3,0,0,96,38,0
52,0,190,95,82,0,3,6,5,3,0,1,87,30,0
40,0,195,83,88,0,5,9,2,0,1,0,41,63,1
46,0,199,86,69,0,1,5,6,5,1,1,76,65,0
60,1,175,61,86,2,5,8,3,9,1,1,100,30,0
28,0,198,90,80,2,2,5,2,1,0,1,92,64,0
35,1,199,116,85,2,6,6,6,10,0,1,95,67,0
64,0,154,137,73,0,4,6,10,4,0,1,66,73,0
29,1,169,125,63,1,1,9,10,7,0,0,74,95,0
26,1,190,88,83,1,4,4,6,14,1,0,78,55,0
27,1,160,74,93,1,0,9,3,2,1,1,58,93,0
61,1,182,71,58,0,3,6,6,15,0,0,42,31,0
34,1,199,87,57,1,7,10,10,8,1,0,28,69,0
55,1,187,143,83,1,1,5,1,6,1,1,45,20,0
24,0,176,83,65,1,2,9,0,8,1,1,79,56,0
63,1,183,80,87,0,7,9,1,0,1,1,24,40,1
30,0,164,69,92,1,6,10,3,4,0,1,33,86,0
57,0,181,137,65,1,0,10,7,11,1,0,36,27,0
59,1,170,77,81,0,0,10,2,12,1,0,58,31,0
26,0,195,147,87,2,4,4,9,2,1,0,84,65,0
44,1,154,73,75,1,0,6,5,3,0,0,32,26,0
19,0,155,93,93,2,1,6,5,3,1,1,42,47,0
22,1,187,117,85,1,4,8,8,10,0,1,50,34,0
46,0,171,135,92,0,7,4,8,11,0,1,65,41,0
54,1,167,81,56,2,0,8,3,6,1,1,38,24,0
55,1,163,129,81,2,6,8,8,9,1,0,40,22,0
36,1,159,95,90,2,7,8,5,10,0,0,74,67,0
25,1,195,104,65,2,2,7,1,7,0,1,27,99,0
62,0,162,95,72,1,6,8,9,10,0,0,91,59,0
18,1,180,81,55,1,5,9,10,9,0,0,15,20,0
39,0,179,137,89,2,1,5,5,4,1,1,61,22,0
34,0,152,139,89,1,2,9,1,12,0,0,49,59,0
24,0,179,120,85,2,2,9,7,12,1,1,74,47,0
42,1,155,115,82,2,4,6,3,11,1,0,51,10,0
62,0,178,148,93,0,3,7,4,9,0,0,77,48,0
21,0,157,92,55,2,4,8,7,6,1,1,41,36,0
53,0,193,104,79,1,1,6,10,2,0,1,19,45,0
23,1,194,95,92,2,1,4,7,2,0,1,78,41,0
48,1,192,79,74,0,4,4,5,2,0,0,18,50,0
36,0,193,77,57,1,3,6,3,11,1,1,78,24,0
61,1,182,97,56,0,6,5,0,3,1,0,70,40,1
56,1,166,126,72,0,4,6,6,5,0,1,20,15,0
44,0,197,82,64,2,1,6,7,14,1,0,100,98,0
27,0,160,75,59,0,3,7,8,4,1,1,77,61,0
43,1,162,118,63,0,1,4,1,7,1,1,83,91,0
36,0,199,128,56,1,3,4,0,13,1,0,17,31,0
56,1,160,127,88,0,3,8,3,13,1,0,58,40,0
20,1,180,80,92,2,7,9,4,11,0,1,33,82,0
62,1,177,137,85,2,4,6,9,12,1,0,42,55,0
30,1,193,137,64,2,4,6,0,4,1,1,28,76,0
45,1,155,129,66,0,4,5,4,10,0,0,11,100,0
37,1,190,71,90,1,3,10,5,11,1,0,64,52,0
45,0,165,75,75,2,3,10,2,4,1,1,20,10,0
25,0,153,140,60,0,1,4,6,15,1,1,26,53,0
58,1,184,146,57,2,2,5,5,13,0,0,51,66,0
56,1,197,73,64,2,4,7,3,9,1,0,70,18,0
18,1,175,120,59,1,7,8,2,1,1,0,12,14,1
20,0,161,130,80,2,5,5,4,11,0,0,95,88,0
30,1,160,105,75,1,1,4,2,10,0,1,44,18,0
45,0,186,91,80,0,1,7,9,10,1,1,94,54,0
42,1,174,74,92,2,0,6,8,4,0,0,98,86,0
50,1,167,103,80,0,4,7,8,15,0,1,75,33,0
55,0,168,76,62,0,6,9,5,14,0,0,10,83,0
23,0,172,100,59,0,1,5,10,11,1,0,16,51,0
61,1,187,113,69,2,0,4,5,6,1,0,29,31,0
62,1,167,103,70,1,5,5,3,1,0,1,52,69,0
49,1,175,64,55,2,7,6,3,13,0,0,15,95,0
62,0,155,86,70,0,5,10,1,12,0,1,64,46,0
64,0,153,146,91,1,6,6,9,5,0,1,30,48,0
38,0,193,137,57,0,4,4,3,6,1,0,60,93,0
33,0,178,138,85,1,3,9,7,4,0,1,55,83,0
38,0,183,102,67,2,0,8,9,8,1,0,44,83,0
28,0,166,90,70,1,3,7,1,13,0,0,17,99,0
54,1,192,76,75,2,5,7,8,3,1,1,77,98,0
53,1,192,142,56,0,5,6,0,13,1,0,25,62,0
52,0,165,113,81,1,2,5,1,13,0,1,76,37,0
36,1,151,121,92,0,2,10,1,12,1,1,80,86,0
37,1,183,146,80,1,7,5,10,9,1,1,73,24,0
35,0,157,91,92,2,6,9,5,14,1,0,11,69,0
64,1,162,99,79,1,2,8,6,0,0,1,10,69,0
58,0,191,72,65,1,2,5,2,13,1,0,67,15,0
31,0,157,143,62,2,6,7,10,7,1,0,10,61,0
32,1,179,94,62,2,1,10,8,14,0,1,16,21,0
48,0,181,64,87,2,2,5,4,7,0,1,97,28,0
18,0,185,132,61,1,1,10,4,6,1,0,78,84,0
20,0,196,88,92,0,1,8,10,7,1,1,94,11,0
33,0,179,129,75,1,4,7,3,1,0,1,27,64,0
40,0,150,84,62,1,1,10,8,2,0,1,97,24,0
28,0,192,81,75,0,1,5,7,8,1,0,41,73,0
29,0,188,125,74,2,2,7,3,0,1,1,54,78,0
27,0,166,104,62,1,1,6,3,15,0,0,42,24,0
49,1,169,128,85,0,3,6,1,7,0,0,83,52,1
33,1,173,148,83,2,6,9,8,7,1,1,82,83,0
25,1,199,131,63,2,2,6,2,6,1,1,58,26,0
55,0,171,60,69,1,6,5,3,12,0,0,42,33,0
29,0,178,143,84,2,0,8,6,13,1,0,80,83,0
41,1,171,103,80,2,2,7,9,10,1,1,77,39,0
45,1,193,146,64,0,1,10,7,15,1,0,37,76,0
25,1,158,134,83,0,3,4,7,4,1,1,96,60,0
45,0,186,98,70,2,6,6,3,3,0,0,62,69,1
53,1,159,113,90,0,2,6,6,9,0,1,53,12,0
43,1,185,147,74,2,3,4,9,9,1,0,89,14,0
25,0,186,134,91,1,6,10,0,12,1,1,64,37,0
45,1,177,88,76,0,0,10,5,14,1,1,19,87,0
45,0,177,113,61,2,5,4,5,9,1,0,23,20,0
54,0,191,149,77,2,7,10,5,13,0,1,45,81,0
58,0,192,75,94,0,7,5,1,9,1,0,43,81,1
53,1,170,79,83,0,0,10,7,5,1,0,97,85,0
44,1,173,105,70,1,5,7,4,11,0,0,27,24,0
34,0,191,126,92,2,4,10,4,15,0,0,25,92,0
26,1,189,124,82,1,5,6,1,10,1,1,46,57,0
50,1,151,117,92,1,4,8,3,0,0,0,50,55,1
37,1,157,112,85,1,2,5,8,12,0,0,34,37,0
30,1,197,60,68,0,4,5,8,4,1,0,17,16,0
45,0,176,140,87,1,7,10,5,13,1,1,97,80,0
46,1,171,125,63,0,7,8,10,3,0,0,93,91,0
30,0,186,88,81,0,3,8,8,3,1,1,93,97,0
63,0,176,143,78,1,4,9,3,6,0,1,27,15,0
52,1,178,129,67,1,3,8,10,8,0,0,77,67,0
23,0,152,67,80,2,7,10,0,7,0,1,57,77,1
35,1,193,88,83,1,6,10,1,10,1,0,79,64,1
22,1,162,110,82,2,6,4,0,12,1,1,76,76,0
64,0,194,92,82,1,5,6,7,13,0,1,27,58,0
42,0,159,62,62,1,5,9,8,11,0,0,27,60,0
19,0,185,119,77,1,5,10,9,7,1,1,65,68,0
27,0,158,94,83,1,4,4,5,4,0,0,32,15,0
47,1,176,128,59,2,5,9,1,5,0,1,44,99,0
62,1,183,135,61,2,4,6,5,1,1,0,15,60,0
22,1,150,143,90,1,4,9,8,15,1,0,35,47,0
50,0,181,79,81,1,1,4,2,12,1,0,94,20,0
18,0,174,132,56,2,1,7,8,10,1,0,70,61,0
35,0,178,98,79,0,4,10,1,15,0,1,97,29,0
49,1,156,63,63,0,6,6,10,13,1,0,24,19,0
64,0,198,78,81,0,3,5,4,2,1,0,100,35,1
28,1,152,104,55,2,7,6,10,4,0,0,41,57,0
38,0,169,102,77,2,7,6,1,1,0,0,21,100,1
43,1,169,72,64,0,2,6,6,2,0,1,14,23,0
42,1,179,72,79,0,0,7,10,3,1,0,73,68,0
39,0,184,119,57,1,1,10,9,5,0,1,80,21,0
44,0,184,116,60,2,4,4,8,4,1,0,95,32,0
30,1,198,145,60,2,0,10,6,9,0,0,36,94,0
50,1,188,111,56,0,1,5,4,3,1,0,88,81,0
51,0,176,112,72,0,2,4,3,12,0,0,54,48,0
58,0,175,145,77,2,7,9,3,15,1,0,44,18,0
52,1,163,102,56,1,3,9,9,14,1,0,35,97,0
18,0,166,142,66,0,4,9,7,1,0,1,32,34,0
38,1,167,131,76,2,2,4,9,11,0,1,22,26,0
23,1,194,131,91,2,7,8,9,10,1,0,99,51,0
45,0,178,101,74,1,6,7,9,4,0,0,12,38,0
34,0,169,149,93,1,1,8,9,4,1,0,38,69,0
22,0,176,85,78,0,4,10,9,10,1,1,75,76,0
48,0,167,82,74,0,0,9,0,6,1,0,73,94,1
22,0,153,102,55,0,6,7,4,0,0,1,37,66,0
55,1,150,136,55,2,7,4,1,3,1,1,96,81,1
20,1,199,87,71,0,6,9,10,10,1,1,45,23,0
40,0,150,68,55,2,5,4,8,15,1,1,15,48,0
54,0,175,79,84,0,3,7,6,4,1,1,20,25,0
54,0,194,115,57,1,7,4,9,7,0,0,47,27,0
27,1,169,142,65,1,6,4,7,11,0,1,43,84,0
27,0,172,98,78,2,1,5,5,14,1,1,90,29,0
36,0,159,110,76,1,3,10,8,11,0,0,76,55,0
34,1,160,71,80,2,4,8,5,15,0,0,55,54,0
38,1,190,138,67,2,5,8,6,7,1,1,95,13,0
31,0,190,114,55,1,7,8,6,0,0,0,38,93,0
26,0,154,137,78,2,2,6,8,4,0,0,69,29,0
63,0,150,70,64,1,3,5,10,9,0,0,63,20,0
18,1,166,85,89,0,0,9,7,0,0,1,78,74,0
62,0,171,101,78,0,1,9,0,0,0,1,83,27,1
30,0,183,86,82,1,7,9,3,1,0,0,83,48,1
21,0,194,70,90,1,0,8,6,1,1,0,18,53,0
18,1,190,97,70,1,3,10,10,14,0,1,94,27,0
57,1,178,102,94,1,7,8,7,14,1,1,86,56,0
49,0,153,78,70,0,5,10,6,8,1,0,19,40,0
51,0,154,123,71,2,2,5,2,3,1,1,84,48,0
45,1,160,65,69,2,2,10,3,2,0,1,77,47,0
48,1,170,105,70,0,0,4,6,10,0,0,67,88,0
25,1,184,101,69,2,4,8,7,0,1,0,61,56,0
56,1,161,124,88,0,4,9,6,11,1,1,43,79,0
43,1,175,131,65,2,5,4,5,1,1,1,44,17,0
51,1,168,118,55,1,2,8,8,5,0,1,42,95,0
20,1,194,111,69,1,0,7,8,8,0,0,81,74,0
29,1,156,106,80,1,0,6,10,4,0,0,41,22,0
18,1,196,66,58,0,7,8,6,3,1,0,64,64,1
61,0,156,70,59,0,7,7,7,12,0,0,17,97,0
22,0,175,120,89,2,0,5,5,4,0,1,55,94,0
47,0,189,127,67,2,7,7,0,8,1,0,23,52,1
47,1,154,84,64,2,3,5,0,11,0,0,17,13,0
34,0,170,71,65,0,7,8,5,12,1,1,80,80,0
64,1,163,85,72,2,5,5,1,6,0,0,86,69,1
40,1,153,71,88,1,4,7,7,7,1,1,63,21,0
32,0,172,102,93,2,4,10,0,14,0,0,30,68,0
54,1,191,110,77,1,3,6,1,3,1,1,84,86,1
38,0,169,96,61,0,1,4,7,10,0,1,23,63,0
31,0,164,105,93,1,3,4,5,7,1,1,84,53,0
19,0,199,112,57,1,5,6,9,5,1,0,11,25,0
28,1,194,147,66,1,0,9,1,4,0,1,70,15,0
56,0,178,139,61,0,3,4,1,12,0,0,26,23,0
55,1,157,72,80,0,0,8,10,11,1,0,87,67,0
51,0,190,148,87,0,5,9,6,6,0,0,98,40,0
55,0,197,113,91,0,6,8,4,5,1,0,57,50,1
51,0,168,116,69,2,5,7,4,2,1,0,100,44,1
35,1,197,63,56,0,2,7,7,4,0,0,17,19,0
47,1,188,134,61,1,0,9,6,8,0,1,65,90,0
32,1,195,108,86,0,4,9,8,6,0,1,26,39,0
44,0,177,66,58,2,3,9,3,11,1,0,78,53,0
51,0,195,70,74,2,6,9,9,3,1,0,21,64,0
55,1,176,113,90,2,5,5,3,6,0,0,47,80,0
50,1,153,146,86,1,0,10,1,4,1,0,27,27,0
41,1,164,104,82,0,6,9,2,10,1,0,35,92,0
32,1,184,82,67,0,1,10,0,12,0,1,46,88,0
47,1,186,87,55,0,2,9,0,14,1,1,79,95,0
59,1,150,116,89,1,1,7,6,15,1,0,50,48,0
34,0,152,85,84,1,5,8,4,1,1,0,88,51,1
22,1,196,84,90,2,1,10,2,12,0,1,51,63,0
46,0,173,113,79,2,1,7,6,5,0,0,99,39,0
21,0,176,88,70,0,2,4,1,15,1,0,85,29,0
27,1,189,142,73,1,2,5,2,6,0,0,50,51,0
34,1,185,95,55,1,7,5,0,7,1,1,56,98,1
27,0,183,73,59,0,2,8,7,5,0,1,23,96,0
34,1,178,137,76,0,6,9,1,7,1,0,10,14,1
37,1,173,94,78,2,7,7,6,15,1,1,26,59,0
41,0,173,89,91,2,2,4,10,6,1,1,64,50,0
22,0,191,76,90,2,1,7,8,1,1,0,62,48,0
51,0,153,126,90,0,4,9,5,13,0,1,40,66,0
23,1,152,139,58,0,4,9,1,5,1,1,71,100,1
19,0,183,89,90,2,7,6,1,8,1,1,17,66,0
30,1,198,104,72,2,2,7,8,11,0,1,39,46,0
60,0,172,138,70,1,6,8,9,5,0,1,86,16,0
60,0,172,148,72,1,3,7,7,3,1,1,89,14,0
28,0,194,110,76,2,0,5,8,6,1,0,75,88,0
64,1,154,106,56,2,5,4,3,2,0,0,54,60,0
40,1,180,112,75,1,6,10,3,4,1,0,27,17,1
33,0,190,123,90,2,3,8,1,0,1,1,54,65,1
48,0,155,97,93,1,5,6,9,14,1,0,28,82,0
28,0,186,123,93,1,3,4,0,9,1,1,86,20,0
33,1,159,146,83,1,3,4,9,2,1,1,77,31,0
25,0,189,148,80,0,7,10,3,7,1,0,92,86,1
21,1,156,66,75,0,4,5,9,8,1,1,59,20,0
57,0,188,81,71,2,0,5,9,8,1,0,34,69,0
21,0,187,140,70,1,3,5,10,14,1,1,47,24,0
42,0,170,141,85,0,2,8,7,9,0,0,45,47,0
20,0,169,100,63,2,5,7,1,1,0,0,77,10,1
49,0,152,133,85,2,6,4,10,3,0,0,65,55,0
20,0,171,69,68,2,4,7,7,4,1,0,48,97,0
44,1,196,116,91,2,5,7,0,14,1,1,72,52,0
46,0,153,66,56,2,7,5,0,2,1,0,16,31,1
49,1,177,109,68,1,2,7,3,12,0,1,67,12,0
36,0,161,111,87,2,2,4,6,10,0,0,89,23,0
38,0,187,92,89,1,3,4,8,0,1,0,68,11,0
22,1,185,60,93,0,2,9,4,5,0,0,57,70,0
35,0,196,112,74,2,0,6,1,13,0,1,14,41,0
45,1,190,119,56,0,7,8,6,14,1,0,96,47,0
59,1,154,93,73,1,2,7,10,9,1,0,45,55,0
39,0,162,63,91,1,3,8,1,1,0,1,97,51,1
38,1,172,76,72,0,5,8,8,15,1,0,34,15,0
23,1,199,63,70,2,7,8,8,8,0,1,54,50,0
18,0,179,102,58,2,2,10,2,0,0,0,28,34,0
22,1,186,149,66,0,4,9,7,10,0,0,16,20,0
58,0,174,63,83,0,7,8,10,8,1,0,67,50,0
29,0,197,60,61,0,7,9,3,15,0,1,90,80,0
43,0,176,130,68,2,6,4,2,6,0,0,75,66,1
63,0,163,109,66,2,4,10,0,10,1,0,89,55,1
51,1,197,132,89,2,4,7,4,12,1,0,48,95,0
31,0,196,120,59,0,5,9,10,9,0,1,27,57,0
43,0,185,94,71,2,1,6,3,1,1,1,10,72,0
62,1,188,67,86,1,6,8,0,13,1,1,72,48,0
44,0,165,83,64,0,4,10,9,5,0,1,12,19,0
26,0,171,142,71,2,4,6,7,7,1,1,30,94,0
43,1,170,95,59,0,1,4,7,14,0,1,39,79,0
64,1,170,109,63,1,5,4,7,1,1,0,20,74,0
39,1,157,102,87,1,6,5,2,15,1,0,31,68,0
64,1,198,86,90,0,4,8,5,14,0,0,66,87,0
47,1,165,91,90,0,3,5,6,4,0,0,98,45,0
60,1,180,137,72,1,5,10,8,12,1,0,12,36,0
34,1,191,77,63,0,6,6,4,11,1,1,39,82,0
43,0,159,87,83,1,4,7,8,10,1,1,97,64,0
53,1,181,88,68,1,4,5,5,5,0,1,54,79,0
18,1,183,75,79,2,1,4,9,2,1,0,45,90,0
25,1,158,106,69,0,6,8,9,13,0,1,96,62,0
52,0,166,118,60,0,3,6,9,11,1,0,81,69,0
32,0,160,90,83,2,5,9,3,1,1,1,73,70,1
64,1,181,63,69,1,2,10,0,15,1,0,63,45,0
39,1,159,96,83,0,0,10,0,14,1,1,77,94,0
31,1,171,76,58,2,3,4,9,10,1,0,59,36,0
43,0,166,98,72,2,2,9,4,5,0,1,40,50,0
45,0,153,107,93,0,3,10,2,2,0,0,38,37,0
40,1,197,105,70,2,6,7,4,1,0,1,68,25,0
31,0,196,149,65,1,2,8,4,14,1,0,45,44,0
41,1,174,107,68,2,6,7,0,0,0,0,86,45,1
19,0,170,98,57,1,2,10,7,13,0,0,82,65,0
62,0,186,63,92,1,3,7,4,7,1,0,94,28,0
43,1,187,89,72,0,1,10,4,0,1,1,76,66,0
31,1,198,89,74,2,3,8,8,11,0,1,98,94,0
24,1,150,81,79,1,6,8,7,14,0,1,98,42,0
20,1,174,134,92,1,3,9,0,4,0,0,85,32,1
64,0,185,125,67,2,7,7,2,10,0,1,20,72,0
40,0,166,71,58,1,7,6,6,5,0,0,20,79,0
63,0,190,95,68,2,2,9,0,15,0,1,35,31,0
60,1,173,77,87,0,7,8,0,10,0,0,62,76,1
64,0,151,149,82,1,0,4,4,11,1,1,23,89,0
62,1,189,112,91,1,2,10,8,11,0,0,73,68,0
35,0,164,130,62,2,7,9,5,2,1,0,89,34,1
55,1,181,60,88,2,4,5,9,13,1,1,19,26,0
52,1,188,117,59,2,3,6,1,15,1,1,40,48,0
32,0,155,149,59,2,5,10,10,6,0,1,45,86,0
42,1,150,146,85,1,3,9,8,1,0,0,19,84,0
54,1,196,149,63,0,7,8,5,6,1,0,35,83,0
45,0,172,65,86,0,1,8,4,1,0,0,29,48,0
27,1,188,129,87,0,6,6,4,15,0,1,53,33,0
56,1,166,103,57,0,5,5,2,4,1,0,71,47,1
34,1,183,131,84,2,2,9,5,6,0,1,82,97,0
56,0,190,83,66,1,1,9,3,15,1,0,88,90,0
39,0,178,145,83,1,3,7,9,10,1,1,18,66,0
43,1,158,78,57,1,7,4,1,10,1,0,80,53,1
61,0,162,77,80,2,2,8,2,13,1,0,99,45,0
42,1,155,89,84,1,2,9,8,2,0,1,33,79,0
34,1,155,101,63,2,4,9,10,13,1,0,21,89,0
30,1,169,92,80,1,4,10,10,15,0,0,69,54,0
37,1,152,133,56,0,7,10,8,10,0,1,93,35,0
42,1,166,71,57,2,7,9,5,3,0,0,87,20,1
21,0,198,86,58,1,0,5,9,0,0,1,95,61,0
27,1,161,98,79,0,4,4,9,15,1,1,25,34,0
20,0,197,68,67,0,6,9,8,2,1,0,38,40,0
58,0,196,80,93,0,5,6,3,8,1,0,41,94,0
62,1,194,135,89,2,2,8,10,9,1,0,92,54,0
35,1,150,88,77,2,4,7,4,4,1,1,44,76,0
64,0,166,92,63,1,7,10,9,14,0,0,52,85,0
53,0,152,121,56,0,0,6,5,14,1,1,62,49,0
64,0,175,74,85,1,7,8,8,7,0,0,29,55,0
39,1,164,61,56,1,7,10,4,1,0,0,93,63,1
51,0,185,111,86,0,7,5,7,2,1,1,17,50,0
64,1,181,103,72,1,3,10,10,6,0,0,51,98,0
25,1,181,113,67,2,5,4,0,13,0,0,86,90,0
57,1,153,77,59,1,4,4,4,9,1,0,79,47,0
61,0,167,62,64,0,2,8,9,3,1,0,25,45,0
36,1,198,66,79,2,3,6,0,8,1,0,78,92,1
59,1,168,102,88,2,7,7,9,13,0,1,62,53,0
58,1,192,141,91,1,6,5,5,6,1,0,54,66,0
54,1,184,97,84,1,2,8,6,13,1,1,60,75,0
23,1,189,96,61,2,3,5,4,10,0,0,15,90,0
43,0,163,117,60,1,6,4,0,11,1,0,42,39,1
51,1,182,92,57,0,6,9,5,0,0,1,88,19,1
62,1,163,118,67,1,5,9,9,3,0,0,24,70,0
23,0,183,70,57,1,2,7,4,9,1,0,23,72,0
54,1,153,127,80,2,4,5,5,10,0,1,48,45,0
50,0,173,141,78,1,4,8,10,5,0,1,72,63,0
39,1,178,127,60,1,0,7,9,5,1,0,14,74,0
38,0,168,147,66,1,3,10,6,9,1,1,99,91,0
23,0,155,81,90,0,0,10,6,5,1,1,90,13,0
23,1,182,125,56,1,1,6,1,4,0,1,61,64,0
21,1,198,103,65,0,4,9,2,2,0,1,25,63,0
47,1,189,65,93,0,3,8,5,1,1,0,47,100,0
28,0,168,101,88,0,5,5,2,2,1,0,62,98,1
47,0,150,84,80,0,0,7,1,8,1,1,96,73,0
48,0,154,116,72,2,5,8,3,2,0,0,86,31,1
41,1,176,144,75,0,5,7,4,2,1,1,62,34,0
26,0,165,114,90,1,7,7,10,0,0,0,55,90,0
20,0,155,75,94,0,7,7,9,1,1,0,100,68,1
48,1,189,73,76,1,5,5,8,10,0,1,24,66,0
57,0,162,98,84,0,0,8,2,11,0,1,68,63,0
54,0,197,87,84,2,7,4,2,2,1,0,59,53,1
53,1,184,110,62,0,1,4,5,1,0,0,18,61,0
41,0,168,108,88,0,6,5,4,7,0,0,35,85,0
48,1,161,68,63,2,6,10,5,5,1,1,12,25,0
23,1,165,117,74,0,7,5,6,6,1,0,56,25,0
19,1,192,104,94,1,0,9,10,0,0,1,14,90,0
37,1,159,81,79,0,6,7,2,5,0,1,71,64,0
45,1,174,91,73,0,2,8,4,1,0,1,93,70,0
28,0,169,128,59,0,6,8,7,12,1,0,93,88,0
21,0,180,146,65,2,4,6,3,14,0,1,14,86,0
32,1,153,128,69,0,0,6,9,5,0,0,19,49,0
23,1,193,101,62,0,7,4,1,2,1,1,89,100,1
47,0,172,112,73,1,7,6,3,6,1,0,72,30,1
55,1,151,118,77,0,6,6,1,2,1,0,34,75,1
19,1,171,133,81,0,0,4,2,8,1,1,53,17,0
32,1,186,98,94,0,1,9,3,2,1,1,34,80,0
28,0,157,74,86,0,2,10,3,6,0,0,39,19,0
25,0,156,130,80,1,7,4,9,11,0,0,23,66,0
43,1,163,88,81,1,0,10,8,3,0,1,95,13,0
62,1,152,62,73,2,7,6,9,7,1,1,52,52,0
61,0,199,142,83,0,7,8,5,13,1,0,37,72,0
22,0,165,69,93,2,4,6,8,1,1,0,28,52,0
23,1,168,88,87,2,6,7,3,7,0,1,51,76,0
43,1,167,138,73,0,4,10,8,8,1,0,29,91,0
21,0,165,94,91,1,6,10,10,12,1,1,95,60,0
36,0,157,65,73,1,7,7,8,7,1,1,88,65,0
37,0,182,71,87,0,0,7,5,5,0,1,20,52,0
50,1,198,97,70,0,5,9,4,9,1,1,63,33,0
37,0,161,136,77,1,6,5,2,0,1,0,33,43,1
29,1,160,78,61,0,5,7,4,6,0,1,79,68,0
64,0,154,126,80,0,2,10,2,0,1,1,26,11,0
18,0,176,67,86,0,4,8,4,6,1,0,37,11,0
43,0,161,67,66,1,5,10,4,13,1,0,59,19,0
31,0,166,143,62,2,4,10,1,1,0,1,64,32,1
55,1,155,106,59,2,6,9,8,7,1,1,82,24,0
54,1,182,63,82,0,6,5,6,1,1,1,19,85,0
28,0,154,110,59,1,2,5,5,2,0,1,30,26,0
53,1,177,144,80,0,6,7,4,12,0,1,67,91,0
30,0,163,126,59,1,7,6,3,11,1,1,43,23,0
60,0,154,104,76,0,2,10,7,2,0,0,52,90,0
20,0,182,67,69,1,5,4,1,0,1,0,20,88,1
50,0,199,146,67,1,6,6,7,4,0,1,42,85,0
23,1,197,75,82,2,0,6,0,4,1,0,67,25,1
27,0,190,136,87,0,3,5,9,9,1,0,55,41,0
22,0,168,126,77,2,1,5,0,4,1,1,70,32,0
40,1,171,68,87,2,7,9,2,13,0,0,71,43,0
27,0,154,119,72,1,3,9,4,12,0,0,10,25,0
61,0,151,137,84,0,3,5,5,8,1,1,30,43,0
19,0,179,136,80,1,4,8,3,5,1,1,71,80,0
30,1,196,130,70,1,7,8,6,5,1,1,73,42,0
57,0,188,74,67,1,7,4,6,2,1,0,96,77,1
19,1,153,130,93,0,2,5,1,4,0,1,82,52,0
37,0,182,100,87,0,4,7,1,9,0,0,65,73,0
18,0,162,81,80,1,5,9,1,6,1,1,10,80,0
54,1,169,83,55,0,1,5,1,2,0,1,30,27,0
26,0,156,103,92,1,5,8,8,1,0,1,31,77,0
34,0,164,60,56,0,0,5,4,4,0,1,63,70,0
26,1,172,69,60,0,1,8,10,2,1,0,13,84,0
28,1,163,139,92,2,4,5,7,4,1,0,74,29,0
32,1,172,131,78,1,6,10,4,8,0,1,60,20,0
41,1,168,115,72,2,6,7,10,10,0,0,83,88,0
55,1,178,148,81,2,4,4,4,9,1,1,72,55,0
52,0,169,109,62,1,5,10,0,0,1,1,24,73,1
47,1,178,71,82,1,4,7,5,3,1,0,45,90,0
48,0,173,148,64,0,4,8,3,9,0,0,38,85,0
22,0,167,140,71,1,3,9,2,14,0,1,61,37,0
61,0,159,119,83,2,0,9,5,15,0,1,55,57,0
31,1,190,85,60,2,7,6,1,4,1,1,78,44,1
28,1,157,137,68,1,6,7,7,1,1,0,38,17,0
26,0,175,100,76,2,3,5,0,11,1,1,56,100,0
51,1,178,95,60,0,4,4,8,1,1,1,100,31,0
29,1,159,82,80,2,2,5,7,0,1,1,34,33,0
52,1,166,102,93,0,3,5,0,13,0,1,89,75,0
52,1,151,65,66,2,4,7,9,7,0,1,25,95,0
18,0,155,128,89,0,6,4,8,1,0,1,98,73,0
57,0,154,102,68,0,7,6,1,2,1,0,50,74,1
39,1,177,84,76,1,4,10,2,14,0,1,74,23,0
46,0,190,77,77,0,0,5,1,11,1,1,78,34,0
25,1,154,121,61,1,5,4,7,1,0,0,29,12,0
28,1,167,72,94,2,1,6,1,3,0,0,78,14,1
58,0,175,102,79,2,3,10,9,13,1,1,45,74,0
54,0,169,137,67,2,3,5,1,0,0,0,67,63,1
31,0,190,87,75,0,3,4,0,2,0,1,57,28,0
47,1,198,77,64,2,4,10,6,4,0,0,91,63,0
52,0,176,118,63,2,7,7,1,9,0,0,11,85,0
38,1,198,119,69,1,0,9,9,0,0,1,89,19,0
54,0,161,122,56,1,7,9,4,15,0,0,38,25,0
22,0,156,116,79,2,4,5,4,3,0,1,25,55,0
36,1,152,110,67,2,4,5,2,5,1,0,44,38,0
31,1,159,115,88,0,5,10,2,14,0,1,71,24,0
43,1,183,86,88,0,2,4,2,3,1,0,90,57,1
21,1,174,91,89,2,0,9,5,6,0,1,13,20,0
42,1,184,68,92,1,3,5,3,13,1,1,77,43,0
62,1,165,143,57,2,1,6,2,6,1,1,60,45,0
59,1,151,127,60,0,3,5,1,5,0,1,98,39,0
42,1,173,105,73,1,7,9,2,8,1,0,42,82,1
35,0,159,126,57,1,4,8,3,1,1,1,87,91,1
57,1,187,85,72,0,0,9,5,12,0,0,33,28,0
25,1,171,67,93,2,6,6,3,9,1,0,84,77,1
56,0,175,65,63,2,0,4,7,7,0,1,34,79,0
57,1,192,139,66,2,0,6,2,7,1,1,37,42,0
31,0,188,83,59,0,2,8,2,10,1,0,16,89,0
49,0,176,107,57,1,3,8,2,9,1,0,45,84,0
55,1,178,104,65,0,2,5,7,13,1,0,19,31,0
50,0,196,72,84,2,6,5,3,13,0,1,45,45,0
40,1,187,128,58,0,6,9,0,10,0,1,92,32,1
32,0,169,84,59,1,5,7,1,3,0,0,27,72,1
50,0,176,79,55,0,7,6,9,5,0,0,15,35,0
42,0,190,141,81,2,1,9,1,10,0,0,16,69,0
34,1,169,141,82,1,5,7,2,5,1,1,21,14,0
50,1,193,125,83,0,4,9,5,4,0,0,50,63,0
64,0,168,133,72,0,2,8,7,13,1,0,72,47,0
19,0,169,104,66,1,2,5,0,0,0,0,34,71,1
31,1,184,106,67,1,5,5,8,2,0,0,90,34,0
57,1,196,122,56,2,4,9,0,6,0,1,62,21,0
57,0,151,135,91,1,0,5,9,7,0,0,42,31,0
56,0,179,136,70,2,4,4,1,1,1,1,96,18,1
23,1,183,114,78,0,3,9,2,2,0,1,82,93,0
23,1,171,134,89,2,5,8,6,3,1,0,15,38,0
20,1,152,78,76,0,7,10,8,13,1,1,71,53,0
24,1,155,94,90,1,4,9,2,10,0,0,75,36,0
25,1,164,112,65,0,0,9,7,4,1,0,18,64,0
59,0,176,85,83,1,4,5,8,2,1,0,76,90,0
32,1,159,73,89,0,2,8,9,4,0,0,25,14,0
64,0,158,104,69,0,1,9,6,7,1,0,98,61,0
46,1,182,103,85,0,2,5,3,7,0,1,97,22,0
50,0,181,147,70,0,7,6,3,13,0,1,64,51,0
47,1,197,124,64,2,6,8,3,1,1,0,49,24,1
56,1,155,110,86,0,1,7,5,5,1,1,35,88,0
44,0,190,102,56,2,6,4,3,3,1,0,47,27,1
53,0,185,145,78,1,4,7,4,8,1,1,44,59,0
46,1,151,82,77,1,3,10,8,9,1,1,96,11,0
55,1,178,115,56,2,7,8,6,1,1,0,77,96,1
50,1,153,78,92,1,4,9,7,7,1,1,68,22,0
54,1,150,141,85,1,0,5,4,0,0,1,23,77,0
44,1,168,135,94,0,4,10,4,10,0,1,56,56,0
50,0,175,114,80,0,1,8,10,5,0,0,80,98,0
21,0,174,119,83,0,2,4,6,10,1,1,81,84,0
39,1,159,118,57,2,3,8,10,10,1,1,51,59,0
19,0,164,92,68,2,6,10,7,13,1,1,60,21,0
27,0,171,78,79,1,4,5,8,11,0,1,28,22,0
22,0,197,87,55,0,4,7,1,9,0,1,75,18,0
27,1,170,111,57,2,2,6,2,12,0,1,56,68,0
50,0,171,108,80,2,3,7,1,0,1,1,74,54,1
55,1,185,96,72,0,5,5,9,1,0,1,51,79,0
30,0,183,85,63,2,6,10,6,2,0,1,47,52,0
48,1,179,99,92,0,4,5,1,8,1,0,22,83,0
64,0,174,139,77,1,4,4,1,4,0,1,53,32,0
53,1,194,97,75,1,5,8,1,9,0,1,33,88,0
62,1,177,136,55,1,6,8,3,9,0,1,39,54,0
41,0,150,146,75,0,1,7,0,11,1,1,79,32,0
32,1,198,113,81,2,1,10,1,1,0,1,47,43,0
46,1,194,81,60,1,7,6,2,9,1,0,32,25,0
25,1,153,75,90,1,7,6,6,4,1,0,83,72,1
22,1,156,87,82,1,0,4,9,4,0,0,66,60,0
46,1,198,94,71,2,2,5,0,0,0,0,88,41,1
64,1,158,119,94,2,3,4,5,2,1,1,32,47,0
21,1,185,104,57,0,4,8,2,4,1,1,45,65,0
29,1,168,105,66,1,6,9,2,8,1,1,66,78,0
62,0,150,131,93,2,4,9,3,9,1,0,10,26,0
19,0,159,114,66,0,7,9,3,15,1,0,81,95,0
44,1,185,145,56,1,0,5,6,0,0,0,12,48,0
48,1,158,144,76,2,6,4,2,7,1,0,23,50,0
53,0,194,85,77,2,6,10,7,0,0,1,90,57,0
53,0,195,144,84,0,4,7,7,8,1,1,43,91,0
43,0,191,84,59,1,2,8,10,15,0,0,79,37,0
60,1,181,124,63,1,0,9,6,5,1,1,78,86,0
44,0,181,65,75,2,2,10,1,0,0,0,60,59,1
22,1,155,82,65,1,0,6,4,7,0,0,38,10,0
37,1,197,123,59,0,4,4,5,4,1,0,91,59,1
28,0,187,146,89,2,0,8,9,6,1,0,57,28,0
27,1,166,102,81,2,1,8,3,6,0,1,88,68,0
57,1,159,82,56,0,6,6,9,14,0,1,88,77,0
55,1,199,89,78,2,3,6,4,6,0,0,25,76,0
23,1,176,136,85,1,4,6,8,5,1,0,66,50,0
25,0,199,77,87,1,5,9,10,10,1,1,19,19,0
40,0,184,146,93,2,3,9,6,7,1,1,28,37,0
64,1,170,138,84,0,4,4,1,8,1,0,76,43,1
43,1,174,80,91,0,3,6,10,11,0,0,45,48,0
63,0,177,116,82,1,1,7,0,14,1,0,13,92,0
60,1,196,82,85,0,3,8,1,1,1,0,84,65,1
29,0,164,104,65,2,0,6,2,6,1,0,42,61,0
43,1,153,103,77,2,7,8,10,14,1,1,37,12,0
30,1,178,141,56,1,3,5,1,1,1,1,89,32,1
57,0,158,147,94,1,4,10,10,5,0,0,18,26,0
35,0,176,106,81,1,5,5,2,1,1,0,84,80,1
42,0,175,99,89,0,5,6,9,9,0,0,15,35,0
50,0,168,110,56,2,7,8,10,5,1,0,58,27,0
64,1,177,101,93,2,2,10,10,1,1,1,100,55,0
57,0,166,66,91,2,7,5,8,0,1,1,85,79,0
60,1,192,109,75,1,6,6,3,6,1,0,31,40,0
29,0,190,107,59,2,3,8,8,2,0,1,57,18,0
61,0,191,143,75,0,5,6,10,13,0,0,30,44,0
53,1,199,65,83,0,7,9,2,11,1,0,42,90,1
21,0,169,68,74,2,3,8,0,13,0,1,90,69,0
22,0,194,116,92,1,6,5,10,12,0,0,65,85,0
54,0,189,90,74,2,5,6,4,3,1,1,38,72,0
25,0,188,80,79,0,6,5,9,12,0,0,62,61,0
59,1,198,149,56,0,3,6,9,15,0,0,49,57,0
45,1,172,99,86,0,4,4,1,15,1,0,83,70,0
48,0,196,104,80,2,3,5,3,5,1,0,27,33,0
26,0,181,136,60,0,7,5,1,4,0,1,56,83,1
46,0,196,108,57,1,6,7,1,3,1,0,22,67,1
31,1,182,146,87,2,4,10,2,8,1,1,36,73,0
57,1,195,79,55,2,4,9,4,5,1,1,71,39,0
58,1,154,76,59,0,2,5,3,5,0,0,83,38,0
39,1,192,87,67,0,5,8,1,1,1,1,54,19,1
28,0,197,100,73,1,0,10,10,5,1,0,12,48,0
40,0,183,125,66,2,4,6,9,6,0,1,31,64,0
18,0,189,84,79,0,6,4,1,7,0,1,36,37,0
63,1,160,117,89,1,5,8,5,14,0,0,64,27,0
54,0,199,100,66,0,1,10,6,13,0,0,76,50,0
38,1,152,65,84,2,3,8,9,7,0,1,42,90,0
43,1,182,134,59,0,7,8,5,15,1,0,11,84,0
63,0,160,97,88,2,6,8,6,8,0,0,84,74,0
53,0,165,65,76,0,1,10,0,9,1,1,55,90,0
40,0,167,104,93,2,6,4,5,10,0,1,83,55,0
18,1,179,134,67,1,3,7,10,12,1,0,42,69,0
57,1,197,73,57,2,2,9,2,11,1,1,67,18,0
32,0,159,125,74,1,6,5,0,2,0,0,16,54,1
38,0,167,99,85,2,4,10,7,9,0,0,24,69,0
64,1,187,62,59,1,0,8,3,14,0,1,35,37,0
26,0,168,83,78,0,4,5,9,6,0,0,20,12,0
26,1,185,78,94,2,3,10,7,6,0,1,47,60,0
27,1,162,77,87,0,6,5,9,0,0,0,36,17,0
43,0,195,123,62,1,0,8,10,7,1,0,16,79,0
58,0,152,147,78,2,4,7,3,14,1,0,10,68,0
52,0,159,94,74,2,0,10,3,3,1,1,83,70,0
42,0,187,121,70,0,7,5,9,4,1,1,30,67,0
43,1,150,60,66,2,3,6,3,13,1,0,88,79,0
28,1,176,84,67,2,2,5,5,5,0,1,39,21,0
55,1,195,104,93,0,2,9,8,2,0,1,17,18,0
19,0,157,108,79,2,6,8,4,4,1,0,97,58,1
24,1,195,148,86,0,4,4,9,9,1,1,92,92,0
35,0,191,75,78,0,1,5,7,4,0,1,12,26,0
44,0,166,78,63,0,3,7,7,0,0,1,64,63,0
51,0,158,82,94,0,4,6,3,2,0,0,24,53,0
44,0,155,142,77,0,4,6,10,2,0,0,45,41,0
34,0,192,84,67,1,2,4,9,0,1,1,15,44,0
60,0,174,75,86,1,6,9,8,12,1,0,51,87,0
61,1,188,113,69,0,0,4,8,6,0,1,59,58,0
41,0,198,132,90,1,3,9,4,0,0,0,27,63,0
42,1,177,60,59,1,7,5,5,6,1,1,92,25,0
24,1,182,101,76,2,0,8,4,3,1,0,59,94,0
23,0,186,78,70,0,5,7,2,8,1,1,39,21,0
41,0,158,93,64,1,5,6,10,6,0,0,86,97,0
50,0,167,139,78,2,3,4,7,4,1,1,48,17,0
46,1,170,114,72,2,6,7,8,6,0,0,21,30,0
60,0,151,77,72,0,1,9,3,8,0,0,68,57,0
39,1,192,93,61,0,5,8,8,9,0,0,85,17,0
43,0,187,148,58,2,2,6,8,5,1,1,53,37,0
45,0,189,104,80,0,1,6,6,0,1,1,97,89,0
38,1,185,65,59,0,4,9,7,5,0,1,13,19,0
24,1,199,80,70,2,5,8,2,0,1,0,45,61,1
34,0,192,129,89,2,2,6,4,12,0,1,57,24,0
37,1,186,107,80,0,4,8,2,11,1,0,23,13,0
58,1,164,98,72,1,1,6,6,3,0,0,90,99,0
37,1,177,90,83,0,3,5,5,13,0,0,58,88,0
39,1,167,69,77,1,4,9,10,7,1,1,76,71,0
45,1,183,89,68,2,0,8,2,15,1,0,96,13,0
57,0,171,77,69,1,3,7,8,4,0,1,86,50,0
24,0,160,119,87,2,3,5,0,14,1,1,18,82,0
18,1,162,147,79,0,1,10,9,4,0,0,30,64,0
49,0,153,132,75,0,1,7,2,15,0,1,81,37,0
30,0,171,74,71,2,2,9,10,12,0,0,90,56,0
47,1,156,63,77,2,2,6,9,9,0,0,25,18,0
40,0,192,122,71,2,0,10,10,10,0,1,25,11,0
36,1,173,99,68,0,3,7,6,7,0,0,37,76,0
49,1,153,68,83,0,7,5,2,7,0,0,60,57,1
47,0,177,68,74,1,6,10,2,0,0,0,65,78,1
46,1,164,85,84,2,0,10,1,12,1,1,89,83,0
62,1,150,63,73,1,0,8,8,12,1,1,66,37,0
46,1,152,140,93,0,6,4,10,4,0,1,61,88,0
47,1,163,75,67,1,6,7,3,11,0,0,55,23,0
33,1,187,74,72,1,6,4,9,4,0,0,87,55,0
57,0,199,111,77,0,1,9,5,7,1,1,47,96,0
36,0,150,128,87,0,0,7,1,0,0,1,93,22,0
35,1,187,64,93,2,0,7,8,6,0,1,57,25,0
18,1,187,79,94,1,4,8,6,6,0,1,50,49,0
31,0,170,138,72,0,6,6,9,12,1,1,68,81,0
64,1,197,77,63,0,6,5,4,8,1,0,76,90,0
19,0,178,61,87,1,2,5,6,1,1,1,83,39,0
45,1,154,72,86,0,2,5,3,14,0,0,93,90,0
47,1,198,63,71,2,3,9,9,15,0,0,75,74,0
55,1,159,101,73,2,2,10,6,2,1,0,36,67,0
21,1,177,133,81,1,5,6,1,3,0,0,41,97,1
18,1,170,120,60,2,3,4,6,0,1,1,65,57,0
25,1,199,67,89,0,7,5,3,14,1,0,19,58,0
46,1,156,126,91,0,6,4,3,6,0,1,49,98,0
56,0,152,122,88,0,4,6,0,13,0,0,26,11,0
20,0,194,68,74,0,2,9,2,9,0,1,67,98,0
49,0,196,70,79,1,4,6,4,2,0,1,15,23,0
27,1,169,101,58,2,2,8,4,2,1,0,48,26,0
27,1,168,72,64,2,2,10,1,2,1,1,27,40,0
36,1,184,95,64,0,4,5,3,7,1,0,82,19,1
63,1,153,72,78,1,0,9,0,8,1,1,81,79,0
51,1,154,71,75,0,0,8,8,9,1,0,98,98,0
50,1,150,96,65,0,0,5,0,12,1,0,51,46,0
40,1,153,133,81,1,5,6,5,13,0,1,13,73,0
45,0,161,132,70,1,0,6,6,1,1,1,29,39,0
49,1,176,111,80,0,2,7,2,9,0,0,37,43,0
24,0,191,130,84,2,6,7,0,14,0,0,49,27,0
46,0,172,61,70,0,1,6,6,9,1,1,74,97,0
25,1,174,115,61,2,4,6,2,0,1,0,53,72,1
18,1,170,119,70,2,6,4,9,13,0,0,32,58,0
20,0,173,82,89,1,1,10,5,8,0,0,66,65,0
41,0,174,99,70,1,6,4,5,5,1,1,56,100,0
40,1,194,123,94,0,5,10,3,13,1,0,22,67,0
25,1,195,144,66,2,1,8,10,14,0,0,25,36,0
64,0,181,82,89,2,7,7,5,8,1,1,99,64,0
54,1,181,88,75,0,3,7,10,5,1,0,64,94,0
20,1,154,137,90,0,0,6,9,1,1,0,74,28,0
50,1,185,149,71,0,7,6,3,0,1,0,90,32,1
45,0,195,110,86,1,5,8,7,13,1,0,25,56,0
64,0,191,128,60,0,6,9,8,7,0,1,46,88,0
25,0,198,148,78,0,2,9,1,2,1,0,61,75,1
51,1,191,90,81,2,0,9,6,0,1,0,19,60,0
52,1,188,109,74,0,7,7,8,14,0,0,47,93,0
49,0,165,79,79,2,0,4,8,15,0,0,53,37,0
41,0,182,114,56,2,1,9,4,7,1,0,83,66,0
31,0,198,140,63,1,3,5,0,11,1,1,63,67,0
49,1,170,61,82,0,0,8,5,0,0,1,60,24,0
63,0,158,84,92,0,6,9,7,7,1,0,61,25,0
60,0,155,72,57,2,6,5,0,0,1,0,79,56,1
33,1,194,129,74,1,4,9,1,8,1,1,68,72,0
21,1,184,126,60,1,4,4,0,13,0,1,22,21,0
54,1,188,117,93,0,0,4,4,8,1,1,50,52,0
38,0,171,141,87,2,1,9,1,11,1,0,21,93,0
31,1,190,134,55,0,1,5,9,12,0,0,59,38,0
48,1,154,143,91,0,2,8,9,8,1,0,66,58,0
35,0,191,123,60,0,5,5,3,2,1,0,59,12,1
24,1,172,128,88,0,5,8,0,3,1,0,66,78,1
27,0,166,142,69,2,7,9,6,4,1,0,63,69,1
24,0,161,145,80,1,5,8,7,5,0,1,75,75,0
50,1,172,118,68,0,3,6,4,8,0,1,17,96,0
40,1,165,119,61,0,1,7,1,12,1,0,72,99,0
38,1,152,142,85,0,2,10,7,10,1,0,18,35,0
36,1,179,121,78,0,4,7,0,11,1,0,69,80,1
36,1,171,75,85,1,6,4,6,3,1,1,72,83,0
53,1,158,147,83,1,5,6,0,13,0,1,81,78,0
46,0,178,127,86,1,4,7,5,13,0,1,12,56,0
35,0,196,74,71,1,4,9,5,5,0,1,82,85,0
19,1,186,148,68,0,0,8,4,12,1,0,22,51,0
18,0,172,114,94,2,3,8,1,0,1,1,18,40,0
64,1,162,94,90,1,2,5,1,1,1,1,98,31,1
22,0,181,114,78,1,3,5,8,7,0,0,61,26,0
37,0,195,73,81,0,0,8,4,3,0,0,71,93,0
28,0,196,108,79,0,2,9,4,9,0,0,17,29,0
59,1,197,142,86,0,2,8,6,6,0,1,54,17,0
19,0,172,66,72,0,1,5,5,3,0,0,62,58,0
20,1,194,89,72,2,3,7,1,15,1,1,72,96,0
40,0,166,142,91,2,3,4,10,13,1,1,90,47,0
29,0,189,108,80,1,1,5,0,15,1,1,66,62,0
37,0,170,148,63,2,7,9,4,8,0,1,63,37,0
22,0,151,75,89,1,4,7,3,8,1,0,28,86,0
54,0,186,110,62,1,0,7,2,3,1,0,76,38,1
55,1,155,131,74,2,3,7,1,12,0,1,55,81,0
47,1,193,141,76,1,1,6,9,14,0,0,19,20,0
26,0,167,139,73,0,6,6,1,7,0,1,27,56,0
51,0,179,142,84,1,7,10,3,5,1,1,21,54,0
61,0,171,101,82,0,2,7,1,0,0,0,58,27,1
52,0,182,76,89,2,5,9,3,14,1,0,32,59,0
39,1,179,122,65,2,6,8,2,6,1,1,71,98,1
61,0,166,104,85,1,1,9,8,0,0,0,20,58,0
41,1,192,136,93,0,5,6,6,2,1,1,82,31,0
34,0,181,66,90,1,4,5,10,7,0,0,65,54,0
27,1,191,86,84,2,0,10,2,14,0,1,97,70,0
47,0,163,69,77,1,5,6,7,8,1,1,98,30,0
63,0,159,93,73,1,7,8,8,2,1,0,64,80,0
40,1,196,95,66,0,4,4,6,0,1,0,34,70,0
49,0,185,84,69,2,5,10,5,0,0,1,18,85,0
34,0,183,65,85,1,2,6,3,6,1,0,21,45,0
34,0,158,83,91,0,2,9,4,4,0,0,20,33,0
31,1,191,77,91,1,7,10,7,12,0,1,47,41,0
26,0,177,146,69,0,2,9,2,13,1,1,37,100,0
57,0,160,65,83,0,2,7,1,15,1,0,17,68,0
19,1,163,88,80,1,1,7,2,0,1,0,83,99,1
62,1,188,84,56,2,2,7,6,15,1,1,98,84,0
42,1,196,114,74,2,6,10,7,5,0,1,56,91,0
56,0,168,140,69,0,2,4,0,13,1,1,45,14,0
26,0,164,105,58,2,6,8,6,5,0,1,59,25,0
39,0,177,83,76,0,1,10,8,13,1,1,18,20,0
60,1,173,134,92,2,2,5,2,3,1,1,69,44,0
63,0,157,85,77,1,7,9,2,6,1,1,81,84,1
21,0,192,87,80,2,4,9,7,6,0,1,76,51,0
43,1,158,62,65,0,7,10,3,11,1,0,62,96,1
46,1,196,134,82,0,4,10,7,8,0,0,91,90,0
62,1,182,97,56,2,3,8,4,11,1,0,26,19,0
51,1,182,120,62,1,4,4,2,0,1,1,62,91,1
40,1,168,137,83,0,0,10,3,4,0,0,37,17,0
54,0,152,110,65,0,0,7,3,14,0,1,72,35,0
28,1,159,149,91,0,0,8,7,9,1,0,24,12,0
23,0,189,107,72,0,1,5,5,2,1,1,28,68,0
35,0,196,80,68,0,7,7,6,6,0,1,95,97,0
38,1,191,113,64,1,4,5,8,3,1,0,79,12,0
59,1,150,115,89,2,7,6,5,3,0,1,56,47,0
53,1,178,118,63,1,6,5,2,12,1,0,80,11,1
58,0,199,131,89,1,0,7,2,11,0,0,57,26,0
55,1,183,110,65,0,3,6,10,0,0,0,82,82,0
51,1,162,79,66,1,1,7,2,0,0,0,29,45,0
34,1,150,145,57,0,3,9,9,9,0,0,46,95,0
54,1,183,118,93,1,4,7,1,1,0,0,84,97,1
42,1,178,130,68,0,2,6,0,14,1,0,11,82,0
55,0,197,68,82,0,3,5,10,1,1,0,73,11,0
29,0,196,60,65,1,2,9,9,0,1,0,95,94,0
40,0,162,88,93,1,1,4,0,7,1,1,45,43,0
59,1,197,122,79,2,3,4,3,5,1,1,14,36,0
39,1,198,131,75,2,3,4,2,5,1,0,73,46,1
38,1,178,115,64,2,5,4,4,9,1,1,16,80,0
44,0,188,127,69,1,1,8,8,9,1,1,79,31,0
48,1,173,94,73,1,1,4,7,8,1,0,31,77,0
23,1,175,62,76,0,0,6,8,4,0,0,83,23,0
44,1,166,66,75,2,4,10,4,14,0,1,55,32,0
57,0,156,86,86,0,3,4,7,3,1,0,49,53,0
51,1,162,60,77,0,7,7,3,14,0,0,70,98,0
29,0,154,139,67,0,3,10,4,10,1,0,55,74,0
62,1,175,130,59,0,6,4,2,5,0,1,93,88,0
24,0,198,103,58,2,1,10,4,7,0,0,37,87,0
27,0,152,146,82,0,7,5,2,13,0,1,96,70,0
62,0,156,100,68,1,1,6,4,0,1,0,44,94,0
34,1,198,134,62,1,4,6,10,6,1,0,10,64,0
43,1,188,101,63,1,1,10,4,7,1,1,38,80,0
38,0,150,92,89,2,2,9,5,8,1,0,18,94,0
45,0,198,109,91,0,2,8,8,10,0,1,18,59,0
63,1,166,122,75,2,5,7,0,7,1,1,31,21,0
19,1,192,96,72,0,2,10,9,6,0,0,72,88,0
60,0,174,118,87,2,2,6,5,15,1,0,75,24,0
18,1,152,140,62,2,4,5,0,2,0,1,89,26,1
53,1,164,107,71,0,3,4,5,1,0,1,67,43,0
43,1,178,64,85,2,2,6,1,14,0,0,79,44,0
46,1,192,107,88,0,7,5,7,2,0,0,64,48,0
38,0,181,62,60,1,5,4,10,3,1,0,22,87,0
28,1,175,106,76,1,1,8,2,3,1,0,28,64,0
57,1,165,121,68,1,2,6,9,5,0,0,88,68,0
28,0,174,73,57,2,5,6,5,11,1,1,42,14,0
53,0,177,122,66,1,4,10,5,6,1,1,83,39,0
56,1,158,120,90,0,6,10,3,11,0,1,74,13,0
57,1,150,90,66,1,6,5,4,3,1,1,69,24,0
52,1,178,76,56,1,6,9,1,15,1,0,21,44,0
51,1,171,83,56,2,1,10,9,9,1,1,52,83,0
64,0,165,82,69,0,5,7,9,5,0,0,26,64,0
41,0,190,141,77,2,2,8,7,8,1,0,77,75,0
39,0,193,109,83,2,3,7,9,13,0,0,38,69,0
22,1,190,137,71,0,1,6,6,5,0,0,64,33,0
50,1,156,138,86,2,1,7,9,13,0,0,16,31,0
53,1,163,138,61,0,6,4,5,2,1,1,53,53,0
64,1,178,129,84,1,3,8,6,0,1,0,86,41,1
37,0,168,86,82,0,6,7,0,10,1,0,14,92,0
36,0,168,74,68,0,1,4,4,9,0,0,69,60,0
52,1,151,109,84,0,2,5,6,9,1,1,15,94,0
60,0,190,95,71,2,6,7,0,12,0,0,16,12,0
34,1,194,67,86,0,6,8,1,4,1,0,55,79,1
62,1,164,138,60,0,7,4,8,15,0,0,66,41,0
60,0,152,62,78,0,6,7,2,9,1,1,63,11,0
51,1,160,121,60,1,1,5,5,9,1,0,55,97,0
26,1,195,106,81,0,2,7,6,2,1,1,19,68,0
43,0,179,136,72,2,3,4,8,7,0,1,13,100,0
19,1,189,147,78,0,0,7,4,9,0,0,76,82,0
26,1,167,120,91,0,3,8,3,14,1,1,34,86,0
26,0,197,91,78,1,2,6,10,0,0,1,96,23,0
57,1,151,72,92,0,4,4,1,10,0,0,100,60,0
34,0,181,60,88,2,6,4,2,1,0,0,87,20,1
18,1,157,93,94,0,3,4,4,2,1,0,70,87,1
42,0,171,121,69,2,4,4,10,2,1,0,47,89,0
60,0,155,138,65,1,4,7,1,11,1,1,41,19,0
57,0,161,137,76,0,2,8,3,7,0,1,32,93,0
59,1,196,141,78,1,2,5,0,4,1,0,46,89,1
42,0,189,130,55,0,7,8,3,7,0,0,12,67,0
56,0,185,90,72,2,6,4,6,10,0,0,22,43,0
52,0,164,123,66,1,0,9,2,15,1,1,43,89,0
20,0,177,84,82,0,5,7,9,13,1,0,97,87,0
54,0,198,97,94,2,1,9,7,14,1,1,74,62,0
61,1,194,73,61,1,3,7,5,14,0,1,85,37,0
61,1,167,67,77,0,2,4,5,10,0,1,17,27,0
47,1,151,113,75,1,3,7,0,5,1,1,92,35,1
55,1,162,61,88,0,5,4,4,14,0,0,18,16,0
51,1,194,140,65,2,5,8,2,11,1,0,37,54,0
29,1,164,137,76,2,6,10,9,1,1,0,87,54,1
36,1,169,148,89,1,4,6,0,10,1,1,100,80,1
54,0,178,115,83,1,6,7,7,3,1,1,27,44,0
61,1,191,143,82,0,1,4,6,15,1,0,51,61,0
34,0,178,144,72,2,0,9,6,8,1,1,50,30,0
27,0,152,120,68,0,3,4,9,15,0,1,79,37,0
64,1,168,81,72,2,1,9,9,3,0,1,42,53,0
29,0,152,94,82,1,7,7,9,4,1,0,98,89,0
33,0,163,75,78,0,0,5,3,4,1,0,86,65,0
41,0,189,109,62,0,3,9,10,9,0,0,63,19,0
36,0,153,102,62,2,1,4,5,7,0,1,96,32,0
25,1,160,76,58,2,2,7,8,5,1,0,45,57,0
48,1,180,139,81,2,3,4,2,9,1,0,94,61,1
38,1,192,117,90,1,1,5,8,6,0,0,65,24,0
34,1,181,61,59,0,5,6,3,5,1,1,26,64,0
40,1,176,63,87,2,0,10,4,13,0,1,19,52,0
54,1,179,144,88,1,1,10,6,13,1,1,96,59,0
33,1,192,98,84,2,2,5,5,13,0,1,53,15,0
23,1,151,65,62,0,6,8,9,4,1,1,11,42,0
25,1,198,140,93,2,3,7,7,15,1,0,23,71,0
42,1,158,148,80,0,7,5,7,14,1,0,50,64,0
35,0,177,128,91,1,3,6,7,4,0,1,11,48,0
42,1,180,128,88,1,3,4,2,2,1,1,28,21,0
29,0,183,79,61,2,2,7,9,6,0,0,89,40,0
32,0,164,123,94,0,0,9,5,12,0,1,98,83,0
43,0,197,75,82,0,3,5,6,9,0,1,10,62,0
58,0,174,110,93,0,0,6,8,4,0,1,11,43,0
62,1,185,96,93,2,1,5,9,6,1,1,36,50,0
43,0,157,132,82,0,5,8,9,14,1,1,11,19,0
64,1,158,128,68,0,7,10,3,1,1,0,60,61,1
49,1,186,101,92,0,5,10,4,8,0,0,19,84,0
27,0,197,116,58,0,0,7,7,7,1,1,28,66,0
33,1,194,125,72,2,0,4,0,14,0,1,89,87,0
24,0,188,68,79,2,5,6,5,4,0,0,22,12,0
34,0,181,145,61,0,3,5,3,1,0,1,57,66,0
40,1,166,123,92,0,4,7,4,5,1,0,65,42,0
43,1,184,145,82,1,4,5,10,7,0,1,81,16,0
38,0,186,81,59,1,2,7,4,6,1,0,65,13,0
39,1,168,93,57,0,7,10,1,15,1,0,59,48,1
24,1,193,114,85,0,6,8,7,7,1,1,54,57,0
31,1,178,88,74,1,5,5,1,3,0,1,98,83,1
32,0,156,97,73,1,5,8,3,15,1,0,68,88,0
24,0,177,77,65,0,2,9,4,13,0,1,48,25,0
26,1,158,130,94,2,7,9,0,2,0,0,30,47,1
25,1,177,124,57,2,4,10,5,15,0,1,64,13,0
40,1,155,60,77,0,1,6,1,6,0,1,66,13,0
46,1,178,147,61,0,3,8,4,1,1,1,50,36,0
35,1,166,63,77,1,3,7,5,13,1,0,79,95,0
48,0,165,63,61,1,1,6,10,4,1,0,91,95,0
47,1,172,141,88,2,1,5,7,12,1,1,58,26,0
56,0,180,86,73,0,7,5,8,6,0,0,53,79,0
52,1,152,102,63,1,4,7,5,0,0,1,44,63,0
35,0,170,118,72,2,2,4,4,3,0,0,100,17,0
59,1,175,91,79,2,1,4,3,14,0,1,14,62,0
56,0,185,92,68,2,2,5,1,1,1,0,80,14,1
34,1,191,87,79,1,7,10,1,5,1,0,83,78,1
31,0,186,114,73,1,6,10,6,11,0,0,83,56,0
48,0,171,119,93,0,0,7,4,0,0,0,60,83,0
41,0,191,129,69,0,3,4,6,6,0,0,66,49,0
52,0,161,121,70,2,4,8,10,2,0,0,67,16,0
61,0,191,139,81,2,3,5,0,11,1,1,45,21,0
62,0,162,93,94,1,4,9,0,0,0,1,19,34,0
51,1,160,146,64,1,7,8,4,14,1,0,59,37,0
20,0,165,147,58,0,0,7,1,7,1,1,46,52,0
54,1,157,115,73,0,3,9,7,6,0,0,29,86,0
60,1,189,72,82,0,0,8,2,1,0,1,22,56,0
57,1,189,115,75,1,7,4,0,6,1,1,84,58,1
43,1,194,77,68,2,4,10,1,2,1,1,28,95,1
40,1,151,113,87,0,1,4,9,14,0,1,65,63,0
61,0,179,136,64,0,6,9,9,12,1,0,54,27,0
56,0,179,102,73,1,3,6,6,8,0,1,69,36,0
32,0,161,98,84,0,0,10,5,7,0,1,77,81,0
21,1,159,120,76,2,5,5,7,4,1,1,66,15,0
46,0,193,101,57,1,3,9,6,6,1,0,63,84,0
39,0,160,140,91,0,3,7,9,2,0,1,46,78,0
42,0,164,138,72,0,3,5,7,0,0,0,92,80,0
30,0,165,77,65,1,2,8,2,0,1,0,46,31,1
35,0,166,82,56,1,0,10,5,14,1,1,23,68,0
50,1,175,113,66,0,0,7,6,10,1,0,53,56,0
33,0,151,89,60,2,3,7,9,1,1,1,92,77,0
62,1,199,117,94,1,7,4,10,7,0,1,51,41,0
59,1,161,127,83,2,7,8,0,0,0,1,10,92,1
61,1,175,126,84,0,1,4,0,15,0,1,32,10,0
19,1,172,130,56,2,3,4,6,10,1,1,73,63,0
52,1,167,77,63,0,2,10,10,11,1,1,37,55,0
59,0,181,66,56,0,4,6,2,4,0,1,13,50,0
51,0,198,99,83,0,2,4,2,8,1,0,50,50,0
47,0,187,129,87,0,7,5,4,11,1,0,69,17,0
30,1,196,145,64,2,1,7,10,8,1,1,27,41,0
30,0,152,124,88,0,7,10,5,1,1,1,72,39,1
35,0,187,127,62,0,7,4,1,6,1,0,70,55,1
49,1,152,108,91,2,7,9,2,10,1,1,58,61,0
49,1,179,111,87,1,3,5,5,0,0,0,56,98,0
52,1,150,88,60,2,7,8,2,2,0,0,48,70,1
56,1,179,80,94,2,0,7,4,5,0,1,98,22,0
63,0,194,149,73,2,6,10,8,8,0,1,91,98,0
46,1,181,137,86,0,5,9,2,9,1,0,15,49,0
46,1,177,68,81,0,3,10,10,1,0,0,92,70,0
61,0,170,106,55,0,1,10,5,6,0,1,62,53,0
33,0,195,135,87,1,0,9,10,14,0,1,85,71,0
61,1,162,101,94,0,2,8,4,3,0,0,34,53,0
64,0,176,110,86,1,7,9,4,1,1,0,74,57,1
27,1,185,115,59,0,4,5,10,2,1,0,14,83,0
47,1,156,110,71,2,4,10,5,5,0,1,74,68,0
42,0,171,129,62,0,6,8,5,15,0,1,17,66,0
56,0,159,79,88,1,3,10,0,9,1,1,48,20,0
37,1,188,147,63,1,2,9,10,8,1,0,52,34,0
22,1,164,86,77,0,6,8,8,15,0,0,91,70,0
18,1,164,97,89,2,5,8,4,7,1,1,82,55,0
47,0,153,131,61,0,5,4,0,9,1,0,14,63,0
20,1,181,124,69,0,6,4,7,13,0,0,13,43,0
62,1,172,113,74,0,1,4,6,10,1,0,10,93,0
31,1,155,83,79,2,4,9,6,8,0,0,65,16,0
47,1,173,106,57,1,2,7,4,3,0,0,54,71,0
21,1,169,130,78,2,3,5,0,11,1,1,74,66,0
35,0,186,142,88,1,7,9,8,3,1,1,12,85,0
54,1,169,145,76,1,0,10,10,14,1,1,31,14,0
42,1,161,122,65,1,3,4,8,8,1,1,81,85,0
18,1,182,116,62,2,3,8,7,7,1,1,65,44,0
63,1,177,114,93,0,2,9,4,11,1,0,27,93,0
32,0,157,119,89,0,4,8,2,14,0,0,34,46,0
26,0,150,121,92,0,2,10,7,1,1,0,57,69,0
32,0,186,89,62,0,0,8,0,7,0,1,93,74,0
41,1,171,81,91,0,6,8,2,0,1,0,40,25,1
21,1,155,134,81,2,2,6,10,8,1,0,39,39,0
29,0,170,143,82,2,1,7,6,8,1,0,89,82,0
54,0,181,88,94,2,3,5,3,12,1,1,75,51,0
54,0,184,100,88,2,4,5,6,14,1,0,90,70,0
60,1,164,101,86,2,7,4,10,7,0,0,19,83,0
23,1,154,124,69,2,5,6,4,10,0,1,80,86,0
56,0,195,90,71,2,0,9,5,4,0,1,68,57,0
63,0,199,89,87,0,5,9,6,4,1,0,60,71,0
41,0,197,77,70,1,3,5,9,12,1,1,18,93,0
28,1,155,76,83,2,2,7,6,2,1,0,63,73,0
30,1,174,97,63,1,5,8,6,4,0,1,71,66,0
51,1,195,73,87,2,1,10,6,3,0,0,90,77,0
42,0,189,146,83,2,2,4,10,0,1,0,18,55,0
24,0,178,148,67,0,3,7,6,15,0,1,18,37,0
21,1,156,138,75,1,5,5,2,15,1,1,33,86,0
25,0,189,115,75,0,7,6,2,8,1,1,48,12,0
37,1,162,81,59,0,6,4,6,14,0,1,84,46,0
46,0,187,126,64,1,0,5,1,9,0,0,17,57,0
62,0,167,115,60,0,5,9,1,13,0,1,34,28,0
63,0,151,78,67,2,7,4,2,3,0,0,75,92,1
27,0,157,116,55,2,6,5,3,2,1,0,19,26,1
60,1,160,103,74,2,6,9,5,5,1,0,33,91,0
51,0,182,94,62,2,5,10,7,0,0,1,89,91,0
43,1,187,60,64,2,4,9,9,4,0,0,92,96,0
58,1,197,111,63,0,5,8,9,15,0,0,68,49,0
20,1,176,144,57,0,3,6,6,14,0,1,40,59,0
23,0,169,129,65,2,6,8,3,6,1,0,20,82,0
22,1,161,96,66,2,0,5,1,1,1,0,15,38,0
22,1,192,124,64,0,3,10,1,9,1,0,79,60,1
64,1,180,110,79,1,1,7,3,8,1,1,41,51,0
40,0,176,60,79,0,2,10,5,11,1,0,48,38,0
26,0,181,80,65,0,5,10,2,14,1,0,57,75,0
52,1,159,112,90,0,4,10,5,5,1,0,22,26,0
37,0,152,75,93,0,0,8,4,1,0,1,68,40,0
59,1,194,120,80,0,4,7,4,7,1,1,76,61,0
52,1,176,113,68,1,4,9,1,7,0,1,65,48,0
35,0,184,99,93,2,4,5,7,0,0,0,50,69,0
34,1,180,85,94,2,5,6,4,11,0,0,65,60,0
41,0,164,139,55,1,0,7,10,0,1,0,44,93,0
20,0,165,124,58,2,0,5,1,0,1,0,47,25,1
49,1,162,133,84,2,6,7,6,11,1,0,90,23,0
52,0,198,123,66,2,4,8,8,3,1,1,76,99,0
55,0,184,102,89,1,6,5,8,3,0,0,43,93,0
30,1,160,76,67,1,6,8,0,15,1,0,85,51,1
64,1,170,118,85,2,2,4,6,7,0,1,97,60,0
42,0,160,82,92,2,5,5,8,0,1,1,79,33,0
26,0,179,66,77,2,5,7,5,9,1,0,20,91,0
21,1,197,103,58,0,3,4,0,2,0,1,36,52,0
31,0,184,112,70,0,7,8,1,10,0,1,57,82,0
54,0,171,130,61,0,6,8,3,0,0,1,33,28,0
51,0,187,138,76,1,5,7,3,8,1,0,27,93,0
28,0,180,93,83,2,4,4,1,9,1,1,36,70,0
58,0,163,105,65,1,7,10,7,11,0,0,63,72,0
20,0,173,127,87,1,1,9,1,8,1,1,64,35,0
45,0,199,137,83,1,4,6,2,6,0,0,30,44,0
46,1,198,137,93,2,0,7,3,15,1,0,68,76,0
26,1,181,75,66,0,5,8,8,12,0,0,43,65,0
20,1,185,130,61,2,7,5,9,11,0,1,67,49,0
42,1,181,78,93,2,5,4,0,14,1,1,57,38,0
51,1,164,61,80,1,3,9,7,7,0,1,63,15,0
29,0,192,69,94,1,6,6,4,0,1,0,27,61,1
59,0,184,109,63,1,1,5,6,4,1,1,12,10,0
26,0,152,140,88,0,5,4,7,14,0,1,33,61,0
32,0,165,71,67,0,3,9,4,13,0,0,10,33,0
57,1,154,129,90,0,3,7,7,1,1,1,15,43,0
42,0,170,81,79,2,1,9,9,15,1,0,28,16,0
22,0,159,91,78,1,4,7,10,12,0,1,95,84,0
28,1,168,143,71,2,4,10,7,0,0,0,52,20,0
51,0,174,60,56,0,4,4,8,2,0,0,17,45,0
41,0,153,113,67,1,2,9,1,6,1,1,78,29,0
32,1,178,117,85,0,6,6,2,0,1,0,61,72,1
55,0,168,129,83,1,7,9,0,10,1,1,82,89,1
25,0,192,142,82,1,6,4,3,1,0,1,56,72,0
22,0,151,77,81,2,4,5,4,1,0,1,94,78,0
43,0,159,65,69,2,1,5,10,3,1,1,37,97,0
35,0,192,104,85,0,2,9,0,14,1,0,55,39,0
23,1,174,82,94,2,6,9,7,11,0,0,13,39,0
54,1,169,82,69,2,4,7,1,2,1,0,97,93,1
30,1,197,85,87,2,2,4,0,2,0,1,17,31,0
45,1,168,136,74,1,7,7,1,9,0,1,70,70,0
22,1,172,66,66,2,1,6,4,4,0,0,26,30,0
30,1,173,138,91,0,4,10,8,2,1,0,43,46,0
34,0,160,103,63,1,7,5,8,10,1,1,29,36,0
57,1,195,86,77,1,0,8,1,6,0,1,89,44,0
62,1,183,85,62,2,7,8,1,4,0,1,83,47,1
49,0,177,138,86,1,5,4,2,3,1,0,43,69,1
46,0,154,95,68,0,1,4,6,11,0,1,52,79,0
20,1,154,114,81,0,7,8,10,2,1,0,19,41,0
57,0,170,123,79,1,7,4,2,14,1,1,39,89,0
51,1,161,116,67,2,3,5,0,11,1,0,34,89,0
57,0,199,128,75,2,3,6,5,3,0,1,66,36,0
44,1,153,120,85,1,7,6,2,13,0,0,72,12,0
30,0,198,61,91,0,7,7,0,14,0,0,80,58,1
62,0,191,114,59,1,1,5,3,11,0,0,56,94,0
50,1,169,139,67,2,3,10,0,1,1,1,93,39,1
23,1,187,146,82,2,6,4,0,0,0,0,90,31,1
41,1,174,97,79,1,1,4,1,2,1,0,12,28,0
36,1,163,139,89,0,0,10,9,15,0,1,55,40,0
33,1,160,137,93,1,1,7,7,10,0,0,45,29,0
57,0,181,88,61,0,4,7,1,1,0,0,35,28,1
45,1,160,85,92,0,4,4,10,15,0,1,19,11,0
50,1,167,94,86,1,2,4,1,0,0,0,43,49,0
58,0,176,138,57,1,3,10,10,0,1,1,87,48,0
30,0,167,126,93,0,7,5,10,1,0,0,17,100,0
60,1,172,146,91,0,5,10,9,12,0,1,64,81,0
62,0,160,88,76,0,3,7,9,12,0,0,100,63,0
42,0,170,93,62,0,6,10,7,8,0,0,19,36,0
59,1,193,100,71,2,1,10,5,12,0,0,66,88,0
53,0,154,100,81,1,5,10,10,12,1,1,88,21,0
44,0,172,82,87,0,5,5,3,4,0,0,95,87,1
55,1,190,130,71,1,7,9,2,8,1,0,54,80,1
24,1,174,62,66,0,7,4,0,7,0,1,59,26,0
22,0,190,117,81,1,3,8,10,12,1,1,73,99,0
60,0,159,91,62,1,5,10,2,15,0,1,11,93,0
62,1,171,90,77,0,5,8,8,10,0,0,54,19,0
48,0,168,141,83,0,4,9,4,5,1,0,71,28,1
40,0,150,102,74,1,0,4,5,0,0,0,23,91,0
59,0,156,66,70,1,7,7,4,9,1,1,83,39,0
27,1,153,60,71,1,1,8,0,4,0,1,24,39,0
49,0,150,120,70,2,3,7,9,11,1,0,23,34,0
60,0,164,73,73,0,7,8,0,0,1,0,40,97,1
47,1,189,111,62,2,4,7,3,6,1,1,38,83,0
56,0,161,65,92,2,6,10,2,9,0,1,36,75,0
48,0,171,69,92,0,7,8,10,13,1,1,94,44,0
35,1,171,130,83,0,6,7,7,10,0,0,18,60,0
53,1,199,149,90,2,2,9,6,7,1,1,29,80,0
19,1,196,89,80,0,5,5,10,7,1,1,67,80,0
31,1,166,80,85,1,5,7,6,6,1,1,88,36,0
30,0,178,119,66,1,3,5,7,1,0,1,97,19,0
46,0,195,140,71,2,0,5,9,4,0,0,58,52,0
29,1,163,133,69,2,0,4,6,3,0,1,66,64,0
56,1,199,122,63,0,3,10,9,4,1,0,25,80,0
19,0,169,101,93,0,3,9,1,9,0,0,84,15,0
49,1,199,110,66,2,4,5,3,8,0,1,17,15,0
30,0,197,123,86,2,6,6,10,14,1,1,76,86,0
63,1,182,135,79,1,3,10,5,3,1,0,28,57,0
44,0,192,115,93,1,6,5,2,15,0,1,76,86,0
58,1,164,139,72,0,7,7,2,14,0,0,45,11,0
34,1,161,100,69,1,7,5,5,14,0,1,98,92,0
57,0,189,91,86,0,2,7,0,11,1,0,69,60,0
48,1,169,74,60,0,6,7,0,7,1,0,45,70,1
51,0,179,121,89,0,4,6,4,7,1,0,20,28,0
41,0,187,86,88,1,7,5,0,1,1,1,60,11,1
62,0,152,87,92,2,5,5,9,13,1,0,89,60,0
52,0,177,140,59,2,5,8,7,5,0,0,64,35,0
23,0,175,123,72,1,7,10,1,4,0,1,63,79,1
36,1,179,118,70,2,7,8,5,1,0,1,26,29,0
47,1,162,117,62,0,7,4,9,11,1,0,71,32,0
24,0,162,61,79,2,6,7,9,9,1,0,51,63,0
27,1,151,95,86,1,5,6,4,3,0,1,33,24,0
58,0,186,130,80,2,5,8,9,6,0,0,26,15,0
49,1,198,72,76,0,1,5,3,12,0,1,57,44,0
51,1,187,74,85,0,7,4,0,0,1,1,93,84,1
45,1,151,148,64,1,2,6,2,14,1,1,95,17,0
32,1,185,146,66,1,7,9,3,15,1,0,79,66,0
47,0,175,119,82,1,4,5,1,8,1,1,16,59,0
54,0,160,81,60,0,4,5,1,9,1,0,23,58,0
46,1,157,122,74,2,5,9,1,11,0,0,20,97,0
39,1,193,149,59,2,7,7,10,0,0,1,21,30,0
21,0,189,134,77,1,0,7,0,14,1,1,14,45,0
37,1,192,133,63,2,4,8,9,11,1,1,14,80,0
49,0,171,84,83,2,7,8,1,4,0,1,29,78,0
53,0,169,107,70,1,2,5,5,6,1,0,63,67,0
21,0,157,102,76,1,3,10,2,7,1,0,64,72,1
44,1,178,97,62,0,7,5,9,1,0,1,67,25,0
34,0,189,100,74,0,2,8,4,3,1,0,88,15,1
29,1,175,104,68,0,5,9,0,1,1,1,99,87,1
39,0,179,147,93,0,5,8,7,3,0,0,39,61,0
34,1,166,99,91,2,1,5,3,14,1,0,33,11,0
27,1,169,76,88,2,6,6,8,5,1,0,96,98,0
18,1,165,147,65,0,4,5,3,5,0,1,82,86,0
39,0,195,116,94,0,6,6,1,11,0,0,12,27,0
43,0,192,61,87,1,7,6,2,12,1,0,57,90,0
35,1,156,121,85,2,6,5,4,1,0,0,80,85,1
31,1,165,147,88,2,4,10,9,15,0,0,31,44,0
64,1,194,68,61,0,4,10,5,10,1,1,23,95,0
46,0,196,127,77,2,7,4,6,3,0,0,57,48,0
29,0,197,140,61,1,5,8,3,3,1,1,38,10,0
53,0,176,76,79,1,4,10,6,13,0,1,59,46,0
52,0,172,109,57,2,0,7,9,0,0,0,89,30,0
29,1,173,99,92,0,0,5,2,14,1,0,19,10,0
24,1,158,117,74,2,3,6,6,13,1,1,80,13,0
46,0,184,134,88,1,4,5,3,1,1,1,98,67,1
28,0,169,144,84,0,1,8,7,13,0,1,36,10,0
50,1,186,80,71,2,3,9,8,2,1,0,88,22,0
23,0,191,77,64,0,5,10,6,12,1,0,37,55,0
64,0,166,114,89,0,4,10,7,14,0,1,18,56,0
32,0,196,88,74,1,0,10,7,10,0,1,80,90,0
49,0,180,83,72,0,1,6,1,4,0,1,89,85,0
28,0,157,133,81,2,7,7,8,10,1,0,35,16,0
40,0,164,76,90,0,3,7,5,7,0,0,90,60,0
43,1,180,77,77,0,1,10,10,14,0,1,96,12,0
51,0,179,101,86,2,4,7,3,5,1,0,17,59,0
63,0,195,143,64,1,2,9,4,2,0,1,11,35,0
51,1,169,104,65,1,1,10,9,5,0,0,66,40,0
46,1,188,141,92,2,1,4,4,6,1,1,61,71,0
21,1,161,76,60,2,5,6,6,5,0,0,67,35,0
34,0,198,132,88,1,0,9,8,9,1,0,12,76,0
52,1,166,73,90,0,7,6,6,5,1,0,17,64,0
30,0,191,108,91,2,4,10,8,0,1,0,68,37,0
58,0,179,88,71,0,1,9,3,2,1,0,11,53,0
56,0,178,63,94,2,4,10,9,6,1,0,71,90,0
32,1,168,141,94,1,0,9,9,3,0,0,58,47,0
46,1,195,79,66,0,5,10,3,11,1,1,29,39,0
46,1,160,106,75,0,4,4,5,3,1,1,38,75,0
28,1,183,68,94,2,6,6,7,6,1,1,26,17,0
49,1,199,136,73,0,0,9,8,8,1,0,83,23,0
19,0,156,138,57,2,0,4,0,13,0,0,31,71,0
64,0,193,86,72,1,7,5,0,10,0,0,15,84,0
31,0,183,74,73,0,3,10,7,12,0,1,71,72,0
37,0,169,78,60,2,5,8,10,12,1,1,40,88,0
39,1,199,149,70,0,5,9,6,14,0,1,71,75,0
28,1,187,111,62,2,7,7,8,1,0,1,21,49,0
44,0,173,85,72,2,6,4,10,8,1,1,21,22,0
20,1,159,148,93,2,4,4,2,2,1,1,72,26,1
34,1,181,85,66,1,2,9,9,5,0,0,25,24,0
61,0,164,85,64,0,6,4,4,3,0,1,34,42,0
45,0,186,105,61,1,3,5,2,0,0,0,31,25,0
46,1,169,108,55,2,5,4,4,8,0,1,100,22,0
38,1,152,141,90,2,0,8,9,10,1,1,97,95,0
64,0,186,112,75,1,5,8,0,14,1,0,85,32,1
33,0,189,62,91,1,6,10,10,5,1,0,27,45,0
54,0,157,125,78,0,2,10,3,15,1,0,54,52,0
37,1,189,101,79,2,1,7,5,7,1,1,89,59,0
23,0,193,78,61,1,1,5,1,14,0,1,77,83,0
36,0,172,76,71,2,7,8,6,14,1,0,21,90,0
22,1,189,92,83,2,5,9,7,1,1,1,58,22,0
20,1,160,135,84,0,5,6,0,6,0,0,42,39,1
18,1,195,108,61,0,3,6,3,5,1,1,95,66,0
55,1,157,115,87,0,5,6,10,1,0,1,72,39,0
32,1,178,122,61,1,2,10,3,15,1,1,27,80,0
51,0,179,62,78,2,5,9,4,1,1,0,63,19,1
52,0,159,108,65,1,4,4,3,3,1,1,36,75,0
42,1,188,114,63,1,6,9,8,3,0,0,92,92,0
41,1,177,85,66,0,7,4,6,15,1,0,87,48,0
29,1,198,131,89,2,2,6,1,2,0,0,34,46,0
35,1,185,111,58,2,3,7,0,7,1,0,43,12,1
32,1,162,66,90,0,4,7,8,13,1,0,97,98,0
61,0,181,105,82,2,4,4,0,6,0,0,69,43,1
33,0,185,105,67,0,6,6,5,1,0,0,63,95,1
44,0,186,75,77,1,1,9,1,2,1,0,96,47,1
25,0,175,83,73,1,2,7,3,9,0,0,14,23,0
63,1,171,120,91,0,6,4,5,8,1,1,45,73,0
42,0,153,113,93,1,4,9,4,12,1,0,63,48,0
34,1,180,121,78,1,3,6,10,4,0,1,97,63,0
46,1,167,60,70,0,6,5,5,1,0,0,45,11,0
25,1,187,108,87,1,1,6,2,2,0,1,78,52,0
32,0,173,84,66,2,4,10,4,7,1,1,48,62,0
44,1,172,69,88,1,6,6,1,3,0,1,79,12,1
63,0,171,139,61,0,2,9,6,13,1,1,13,50,0
24,0,151,75,65,2,1,9,2,1,0,1,83,17,0
20,1,180,117,85,2,2,8,0,1,0,1,74,99,1
46,1,160,131,83,1,2,8,7,5,0,0,94,84,0
61,1,177,88,67,2,2,9,7,7,0,0,49,72,0
41,0,195,65,85,0,6,9,2,6,0,0,46,74,1
20,1,181,75,56,2,1,5,6,3,1,0,76,88,0
37,0,154,79,93,1,6,5,8,1,0,0,40,13,0
63,1,187,139,69,1,6,6,7,8,0,0,100,77,0
32,1,159,130,65,2,6,10,2,3,1,1,90,19,1
42,0,189,137,88,0,4,7,1,8,1,0,96,84,1
47,0,195,102,93,0,5,10,9,4,1,1,86,59,0
31,0,173,85,58,1,0,5,6,13,1,1,56,32,0
24,0,184,149,65,1,4,6,6,11,0,1,36,70,0
34,0,193,137,83,0,1,10,8,14,0,1,60,56,0
61,0,197,130,56,2,0,4,4,11,1,1,29,12,0
37,1,172,92,70,2,0,8,3,10,0,1,22,26,0
53,1,166,85,93,2,0,10,7,10,1,0,72,31,0
26,0,150,104,67,2,5,7,3,13,1,1,53,100,0
55,1,180,143,91,0,6,6,3,6,0,1,33,25,0
39,0,180,122,71,1,7,10,1,11,0,0,12,89,0
19,1,191,126,75,1,3,9,0,15,1,0,19,12,0
41,1,191,111,73,2,1,4,3,4,0,0,74,61,0
25,0,183,127,61,0,7,8,6,14,1,0,58,42,0
28,0,158,85,92,0,5,4,8,1,1,0,67,51,0
30,0,171,134,62,2,5,6,8,5,1,0,86,11,0
34,1,162,61,67,2,3,5,9,15,1,0,87,48,0
25,0,174,73,91,2,0,8,0,6,0,1,11,55,0
38,1,197,89,56,1,6,4,4,13,1,0,75,57,0
35,0,167,108,65,2,3,5,6,14,1,1,40,36,0
47,1,161,71,78,1,7,7,6,10,1,0,77,24,0
35,1,189,149,60,0,7,6,9,12,0,0,92,16,0
63,0,166,103,80,0,3,6,5,5,1,1,46,66,0
64,1,164,92,61,1,5,8,10,12,1,0,82,51,0
48,1,191,72,93,1,1,4,9,13,0,0,33,18,0
55,0,164,137,73,1,2,7,3,2,1,0,86,15,1
49,1,164,147,60,1,6,9,2,9,1,0,53,66,1
28,0,188,85,83,2,7,8,8,7,1,0,92,85,0
62,0,162,80,93,0,7,9,9,2,1,0,50,39,0
42,0,166,87,56,2,3,8,3,13,0,0,83,64,0
50,0,181,107,73,1,6,4,7,4,0,1,60,93,0
55,1,158,99,58,2,3,7,0,8,0,0,51,93,0
58,1,189,125,60,2,0,4,6,10,1,1,87,63,0
25,1,169,132,91,0,6,6,5,4,0,1,49,36,0
28,0,175,146,82,2,0,9,0,14,0,1,57,93,0
39,1,176,138,84,0,7,5,3,6,1,1,93,68,1
41,1,170,136,61,1,5,10,4,10,0,1,13,16,0
58,0,167,82,63,2,0,6,10,13,0,1,69,49,0
34,0,162,140,79,1,6,6,7,6,0,1,48,81,0
29,1,165,107,87,0,4,9,3,4,1,0,14,11,0
63,0,158,61,55,1,6,8,2,15,1,0,15,23,0
49,0,161,143,60,1,3,6,1,1,0,0,23,19,0
32,0,193,79,72,0,0,10,3,4,0,1,79,59,0
33,0,187,118,64,1,1,7,10,6,1,0,87,27,0
39,1,168,105,82,1,4,6,9,6,1,1,21,27,0
45,0,156,62,65,1,5,7,3,3,1,1,71,25,1
37,0,184,114,87,2,2,4,9,0,1,0,36,61,0
50,0,197,71,55,1,3,8,4,5,0,1,63,78,0
27,0,167,99,67,0,3,7,6,12,1,1,99,61,0
57,0,165,125,91,2,1,6,8,14,0,0,21,40,0
49,0,188,137,74,2,2,8,1,13,1,1,17,93,0
50,0,153,75,55,0,7,10,4,2,1,0,83,32,1
19,0,174,142,57,1,2,8,10,10,1,1,25,51,0
50,1,181,93,72,2,5,7,9,4,1,1,61,90,0
50,0,189,103,68,2,5,7,8,3,0,0,35,71,0
58,1,162,65,85,2,4,5,2,14,0,0,17,86,0
30,0,194,136,81,1,7,5,0,12,0,0,54,59,0
47,0,166,123,71,2,3,8,1,1,1,1,93,86,1
50,0,198,81,83,0,0,9,5,11,0,1,90,90,0
30,0,186,77,90,1,5,9,4,14,1,0,28,24,0
43,1,155,71,91,0,1,5,0,6,1,0,26,99,0
39,0,168,111,80,0,1,6,0,13,0,0,74,53,0
56,0,162,110,71,2,1,4,10,4,1,1,38,51,0
19,1,175,130,76,2,6,8,3,14,1,1,23,54,0
55,1,163,107,79,2,7,4,3,13,0,0,26,44,0
56,0,180,78,56,0,7,5,5,6,1,0,22,31,0
43,1,153,65,76,1,5,7,5,8,1,0,100,83,1
63,1,188,143,59,2,5,10,9,3,0,1,72,84,0
32,1,157,86,58,2,1,8,5,4,0,0,42,47,0
51,0,174,112,90,0,7,5,0,8,1,0,38,79,1
59,0,162,107,60,1,7,6,9,12,0,0,46,73,0
61,0,181,66,75,0,5,10,8,9,1,1,92,16,0
57,1,187,118,67,2,6,8,10,10,0,1,55,53,0
28,0,187,128,91,0,0,8,6,15,1,0,33,85,0
20,1,177,70,79,2,0,9,6,13,0,1,23,16,0
23,0,179,74,80,1,4,7,10,12,0,0,14,75,0
26,0,152,123,93,0,7,8,6,3,1,0,62,69,1
23,1,177,62,74,2,3,7,1,4,0,0,97,10,1
26,0,152,128,87,2,0,5,1,12,0,0,39,71,0
56,1,194,82,68,2,4,6,5,4,1,1,69,96,0
48,1,183,112,90,2,2,10,6,7,0,0,82,98,0
49,0,165,96,71,0,3,10,2,14,0,0,100,27,0
58,1,171,68,75,2,7,6,3,12,0,1,37,16,0
29,0,181,74,70,0,0,8,2,14,1,0,35,63,0
25,0,187,62,70,2,6,8,6,3,0,1,27,76,0
25,1,157,129,74,0,2,5,6,3,1,0,45,19,0
45,0,157,76,83,0,4,9,3,12,1,0,17,70,0
37,1,155,85,82,2,0,9,6,6,0,0,27,68,0
64,0,163,80,62,2,7,9,4,10,1,0,93,68,1
24,0,181,131,78,2,0,7,0,4,1,1,67,78,0
28,0,184,80,57,2,5,9,9,5,1,0,41,72,0
37,0,159,70,79,1,2,6,3,5,1,1,58,17,0
33,0,152,97,73,2,0,10,6,11,0,1,57,87,0
21,1,161,131,87,2,1,10,1,15,0,1,91,64,0
23,1,198,147,56,2,6,7,1,5,0,0,80,15,1
39,1,180,94,69,0,5,5,0,13,1,1,74,10,0
43,1,178,73,76,2,5,6,1,9,1,1,42,65,0
20,1,154,73,64,0,0,10,9,4,0,1,59,84,0
58,1,174,69,72,0,6,6,7,12,1,0,13,97,0
59,0,190,71,76,0,5,10,10,12,0,0,93,19,0
31,0,180,97,81,0,3,4,7,4,1,1,45,32,0
28,1,170,93,67,1,2,5,7,8,0,1,37,25,0
35,1,169,100,87,2,3,5,0,12,0,0,12,25,0
29,0,188,69,59,0,4,4,0,7,0,1,15,65,0
40,0,171,76,80,2,3,7,9,14,1,1,54,15,0
29,0,153,76,67,0,6,10,3,3,0,1,32,39,0
30,1,162,126,81,1,1,10,5,6,1,0,16,72,0
42,1,194,121,68,0,5,10,7,7,1,1,70,10,0
62,1,191,60,78,2,6,9,1,11,0,1,74,60,0
36,0,199,71,57,2,5,9,2,8,0,0,15,98,0
63,0,198,63,84,1,7,9,5,4,1,1,33,55,0
53,1,169,101,89,2,1,9,9,2,1,0,46,30,0
62,1,162,72,68,2,5,9,3,14,0,0,54,47,0
25,0,166,144,66,0,3,4,1,12,0,0,60,78,0
46,0,185,145,82,2,7,5,6,3,1,1,97,72,1
49,0,182,63,83,0,7,7,3,14,0,1,54,59,0
61,0,150,141,71,1,4,6,7,9,0,1,72,21,0
35,1,164,128,94,2,7,9,7,5,0,1,38,78,0
23,0,162,78,75,0,7,4,6,9,0,1,34,82,0
35,0,166,61,77,2,0,10,9,10,1,1,19,53,0
36,0,173,71,74,0,1,7,8,4,1,1,44,61,0
39,1,157,140,65,1,3,7,3,8,0,1,64,18,0
54,1,199,133,88,0,6,7,6,12,0,0,34,74,0
49,0,176,65,64,2,3,4,9,10,1,1,100,19,0
58,0,194,67,64,0,3,6,9,10,1,1,54,55,0
20,0,172,110,60,2,0,9,0,13,1,0,21,67,0
45,1,195,70,90,1,2,7,3,2,1,1,13,46,0
27,1,157,122,78,0,5,4,1,1,1,0,99,61,1
52,1,157,116,66,2,5,10,8,5,0,1,76,90,0
46,0,175,71,77,2,6,5,4,12,0,1,26,22,0
32,1,196,132,81,2,7,10,2,6,1,0,82,15,1
50,0,162,61,91,0,4,4,3,4,1,0,74,67,1
24,0,188,67,60,0,6,4,5,0,0,1,91,57,0
29,0,186,70,55,0,2,4,9,2,1,0,62,41,0
47,1,198,112,60,1,5,7,0,2,1,1,93,20,1
38,0,177,69,76,2,4,4,6,11,0,1,66,90,0
48,1,174,144,78,2,6,5,7,13,0,1,37,14,0
41,1,165,143,79,1,4,7,6,3,0,1,25,15,0
37,0,151,67,69,1,3,10,6,13,0,1,30,83,0
54,0,167,95,80,0,1,5,8,9,1,1,86,30,0
21,1,166,135,62,0,3,8,3,5,0,0,51,51,0
45,0,179,73,78,0,0,10,6,4,1,0,63,90,0
61,1,188,113,92,0,7,4,8,0,1,0,41,36,0
37,0,162,144,60,0,5,9,4,14,1,1,47,12,0
41,1,181,145,89,0,4,9,1,5,1,0,79,69,1
49,1,199,80,55,1,6,7,4,13,0,1,47,75,0
58,1,178,109,90,1,7,9,3,13,1,0,63,58,0
53,1,195,98,66,1,1,10,7,8,1,1,69,43,0
51,0,179,79,92,2,6,7,4,10,1,1,86,46,0
53,0,167,147,65,2,5,10,8,0,0,1,86,51,0
19,1,162,146,66,0,4,4,8,7,0,1,56,74,0
32,1,192,66,93,1,4,6,2,15,0,1,21,69,0
51,0,170,68,61,2,3,6,9,7,0,0,62,99,0
53,0,179,60,65,2,1,5,5,2,0,1,42,10,0
23,0,170,85,90,1,1,4,5,15,1,0,37,68,0
56,0,197,97,85,2,5,9,3,14,0,1,12,13,0
59,0,166,97,87,2,4,4,10,12,1,1,91,23,0
29,0,189,120,67,1,7,8,9,8,0,1,35,27,0
20,1,168,103,72,2,1,6,2,10,1,0,63,43,0
62,0,164,145,78,1,1,9,0,12,0,1,49,10,0
35,0,158,103,63,2,6,10,6,12,1,0,75,62,0
57,1,159,133,85,1,5,10,4,10,0,1,77,31,0
38,0,193,121,64,2,3,6,9,7,1,0,98,89,0
32,0,180,65,56,2,6,4,6,2,1,0,99,70,1
50,0,172,76,92,1,6,9,0,9,1,0,56,31,1
52,0,179,110,69,2,2,5,7,4,1,1,11,59,0
43,0,182,97,57,1,0,10,2,2,1,1,51,25,0
25,1,158,83,85,1,2,4,6,4,1,0,43,37,0
53,0,196,110,60,2,1,5,2,15,0,1,30,95,0
47,1,150,69,57,0,4,9,2,8,0,1,53,79,0
40,1,193,131,65,2,0,6,9,14,1,1,96,98,0
59,0,184,80,69,0,0,8,8,11,1,0,11,51,0
61,1,160,129,82,0,4,7,1,15,1,0,100,75,0
31,0,183,144,64,2,0,6,3,3,1,1,68,80,0
31,1,165,116,92,0,4,5,5,5,1,0,95,90,1
19,1,158,98,61,1,0,4,2,2,1,1,25,44,0
54,0,181,147,69,1,6,10,9,2,1,1,29,29,0
22,0,164,92,72,0,7,9,9,15,0,0,35,11,0
55,0,161,118,72,1,5,6,6,4,1,0,25,16,0
62,0,182,77,78,2,5,10,6,7,1,1,79,58,0
58,0,194,115,56,1,2,10,4,13,0,1,32,92,0
64,1,163,116,94,0,6,8,2,7,0,1,51,85,0
31,1,157,135,74,2,0,9,1,2,1,0,46,18,1
56,1,157,107,88,1,3,5,3,7,0,0,81,36,0
42,1,176,101,80,2,4,9,3,12,0,1,15,87,0
37,1,161,86,61,0,6,9,10,10,0,1,46,11,0
19,1,150,133,92,1,0,4,7,12,1,0,31,94,0
56,1,192,111,84,2,5,7,7,7,1,1,15,77,0
23,0,189,101,59,2,5,10,4,2,0,0,41,69,0
